,IV_count_Action,IV_count_Adventure,IV_count_Early+Access,IV_count_Ex+Early+Access,IV_count_Free,IV_count_Indie,IV_count_Massively,IV_count_RPG,IV_count_Simulation,IV_count_Sports,IV_count_Strategy,IV_count_Others
0,0,1160,0,0,0,1960,0,0,0,0,0,0
1,0,1660,0,0,0,2704,0,0,0,0,0,0
2,0,992,0,0,0,1599,0,0,0,0,0,0
3,0,1079,0,0,0,1724,0,0,0,0,0,0
4,0,1159,0,0,0,1764,0,0,0,0,0,0
5,0,1038,0,0,0,1779,0,0,0,0,0,0
6,0,1286,0,0,0,1986,0,0,0,0,0,0
7,0,1384,0,0,0,2166,0,0,0,0,0,0
8,0,1061,0,0,0,1731,0,0,0,0,0,0
9,0,1204,0,0,0,1827,0,0,0,0,0,0
10,0,834,0,0,0,1175,0,0,0,0,0,0
11,0,1612,0,0,0,2545,0,0,0,0,0,0
12,0,1160,0,0,0,1960,0,0,0,0,0,0
13,0,1660,0,0,0,2704,0,0,0,0,0,0
14,0,992,0,0,0,1599,0,0,0,0,0,0
15,0,1079,0,0,0,1724,0,0,0,0,0,0
16,0,1159,0,0,0,1764,0,0,0,0,0,0
17,0,1038,0,0,0,1779,0,0,0,0,0,0
18,0,1286,0,0,0,1986,0,0,0,0,0,0
19,0,1384,0,0,0,2166,0,0,0,0,0,0
20,0,1061,0,0,0,1731,0,0,0,0,0,0
21,0,1204,0,0,0,1827,0,0,0,0,0,0
22,0,834,0,0,0,1175,0,0,0,0,0,0
23,0,1612,0,0,0,2545,0,0,0,0,0,0
24,1407,0,0,0,0,0,0,590,0,0,0,0
25,1996,0,0,0,0,0,0,782,0,0,0,0
26,1176,0,0,0,0,0,0,492,0,0,0,0
27,1325,0,0,0,0,0,0,533,0,0,0,0
28,1361,0,0,0,0,0,0,601,0,0,0,0
29,1279,0,0,0,0,0,0,561,0,0,0,0
30,1539,0,0,0,0,0,0,629,0,0,0,0
31,1673,0,0,0,0,0,0,706,0,0,0,0
32,1240,0,0,0,0,0,0,562,0,0,0,0
33,1430,0,0,0,0,0,0,634,0,0,0,0
34,1030,0,0,0,0,0,0,412,0,0,0,0
35,1891,0,0,0,0,0,0,836,0,0,0,0
36,0,1160,0,0,0,0,0,0,0,0,0,0
37,0,1660,0,0,0,0,0,0,0,0,0,0
38,0,992,0,0,0,0,0,0,0,0,0,0
39,0,1079,0,0,0,0,0,0,0,0,0,0
40,0,1159,0,0,0,0,0,0,0,0,0,0
41,0,1038,0,0,0,0,0,0,0,0,0,0
42,0,1286,0,0,0,0,0,0,0,0,0,0
43,0,1384,0,0,0,0,0,0,0,0,0,0
44,0,1061,0,0,0,0,0,0,0,0,0,0
45,0,1204,0,0,0,0,0,0,0,0,0,0
46,0,834,0,0,0,0,0,0,0,0,0,0
47,0,1612,0,0,0,0,0,0,0,0,0,0
48,0,1160,0,0,0,1960,0,0,593,0,0,0
49,0,1660,0,0,0,2704,0,0,792,0,0,0
50,0,992,0,0,0,1599,0,0,470,0,0,0
51,0,1079,0,0,0,1724,0,0,583,0,0,0
52,0,1159,0,0,0,1764,0,0,565,0,0,0
53,0,1038,0,0,0,1779,0,0,565,0,0,0
54,0,1286,0,0,0,1986,0,0,669,0,0,0
55,0,1384,0,0,0,2166,0,0,701,0,0,0
56,0,1061,0,0,0,1731,0,0,556,0,0,0
57,0,1204,0,0,0,1827,0,0,620,0,0,0
58,0,834,0,0,0,1175,0,0,442,0,0,0
59,0,1612,0,0,0,2545,0,0,846,0,0,0
60,0,1160,0,225,0,1960,0,0,0,0,0,0
61,0,1660,0,286,0,2704,0,0,0,0,0,0
62,0,992,0,142,0,1599,0,0,0,0,0,0
63,0,1079,0,225,0,1724,0,0,0,0,0,0
64,0,1159,0,224,0,1764,0,0,0,0,0,0
65,0,1038,0,236,0,1779,0,0,0,0,0,0
66,0,1286,0,247,0,1986,0,0,0,0,0,0
67,0,1384,0,283,0,2166,0,0,0,0,0,0
68,0,1061,0,199,0,1731,0,0,0,0,0,0
69,0,1204,0,224,0,1827,0,0,0,0,0,0
70,0,834,0,181,0,1175,0,0,0,0,0,0
71,0,1612,0,269,0,2545,0,0,0,0,0,0
72,1407,1160,0,0,0,1960,0,0,0,0,0,0
73,1996,1660,0,0,0,2704,0,0,0,0,0,0
74,1176,992,0,0,0,1599,0,0,0,0,0,0
75,1325,1079,0,0,0,1724,0,0,0,0,0,0
76,1361,1159,0,0,0,1764,0,0,0,0,0,0
77,1279,1038,0,0,0,1779,0,0,0,0,0,0
78,1539,1286,0,0,0,1986,0,0,0,0,0,0
79,1673,1384,0,0,0,2166,0,0,0,0,0,0
80,1240,1061,0,0,0,1731,0,0,0,0,0,0
81,1430,1204,0,0,0,1827,0,0,0,0,0,0
82,1030,834,0,0,0,1175,0,0,0,0,0,0
83,1891,1612,0,0,0,2545,0,0,0,0,0,0
84,1407,0,0,0,0,1960,0,590,0,0,0,0
85,1996,0,0,0,0,2704,0,782,0,0,0,0
86,1176,0,0,0,0,1599,0,492,0,0,0,0
87,1325,0,0,0,0,1724,0,533,0,0,0,0
88,1361,0,0,0,0,1764,0,601,0,0,0,0
89,1279,0,0,0,0,1779,0,561,0,0,0,0
90,1539,0,0,0,0,1986,0,629,0,0,0,0
91,1673,0,0,0,0,2166,0,706,0,0,0,0
92,1240,0,0,0,0,1731,0,562,0,0,0,0
93,1430,0,0,0,0,1827,0,634,0,0,0,0
94,1030,0,0,0,0,1175,0,412,0,0,0,0
95,1891,0,0,0,0,2545,0,836,0,0,0,0
96,1407,0,0,0,0,0,0,0,593,0,677,0
97,1996,0,0,0,0,0,0,0,792,0,899,0
98,1176,0,0,0,0,0,0,0,470,0,557,0
99,1325,0,0,0,0,0,0,0,583,0,696,0
100,1361,0,0,0,0,0,0,0,565,0,669,0
101,1279,0,0,0,0,0,0,0,565,0,651,0
102,1539,0,0,0,0,0,0,0,669,0,715,0
103,1673,0,0,0,0,0,0,0,701,0,776,0
104,1240,0,0,0,0,0,0,0,556,0,609,0
105,1430,0,0,0,0,0,0,0,620,0,695,0
106,1030,0,0,0,0,0,0,0,442,0,513,0
107,1891,0,0,0,0,0,0,0,846,0,942,0
108,1407,1160,0,0,0,1960,0,590,0,0,0,0
109,1996,1660,0,0,0,2704,0,782,0,0,0,0
110,1176,992,0,0,0,1599,0,492,0,0,0,0
111,1325,1079,0,0,0,1724,0,533,0,0,0,0
112,1361,1159,0,0,0,1764,0,601,0,0,0,0
113,1279,1038,0,0,0,1779,0,561,0,0,0,0
114,1539,1286,0,0,0,1986,0,629,0,0,0,0
115,1673,1384,0,0,0,2166,0,706,0,0,0,0
116,1240,1061,0,0,0,1731,0,562,0,0,0,0
117,1430,1204,0,0,0,1827,0,634,0,0,0,0
118,1030,834,0,0,0,1175,0,412,0,0,0,0
119,1891,1612,0,0,0,2545,0,836,0,0,0,0
120,1407,0,0,0,0,1960,0,0,0,0,0,0
121,1996,0,0,0,0,2704,0,0,0,0,0,0
122,1176,0,0,0,0,1599,0,0,0,0,0,0
123,1325,0,0,0,0,1724,0,0,0,0,0,0
124,1361,0,0,0,0,1764,0,0,0,0,0,0
125,1279,0,0,0,0,1779,0,0,0,0,0,0
126,1539,0,0,0,0,1986,0,0,0,0,0,0
127,1673,0,0,0,0,2166,0,0,0,0,0,0
128,1240,0,0,0,0,1731,0,0,0,0,0,0
129,1430,0,0,0,0,1827,0,0,0,0,0,0
130,1030,0,0,0,0,1175,0,0,0,0,0,0
131,1891,0,0,0,0,2545,0,0,0,0,0,0
132,0,0,0,0,0,0,0,590,0,0,677,0
133,0,0,0,0,0,0,0,782,0,0,899,0
134,0,0,0,0,0,0,0,492,0,0,557,0
135,0,0,0,0,0,0,0,533,0,0,696,0
136,0,0,0,0,0,0,0,601,0,0,669,0
137,0,0,0,0,0,0,0,561,0,0,651,0
138,0,0,0,0,0,0,0,629,0,0,715,0
139,0,0,0,0,0,0,0,706,0,0,776,0
140,0,0,0,0,0,0,0,562,0,0,609,0
141,0,0,0,0,0,0,0,634,0,0,695,0
142,0,0,0,0,0,0,0,412,0,0,513,0
143,0,0,0,0,0,0,0,836,0,0,942,0
144,0,1160,0,0,0,1960,0,0,0,0,0,0
145,0,1660,0,0,0,2704,0,0,0,0,0,0
146,0,992,0,0,0,1599,0,0,0,0,0,0
147,0,1079,0,0,0,1724,0,0,0,0,0,0
148,0,1159,0,0,0,1764,0,0,0,0,0,0
149,0,1038,0,0,0,1779,0,0,0,0,0,0
150,0,1286,0,0,0,1986,0,0,0,0,0,0
151,0,1384,0,0,0,2166,0,0,0,0,0,0
152,0,1061,0,0,0,1731,0,0,0,0,0,0
153,0,1204,0,0,0,1827,0,0,0,0,0,0
154,0,834,0,0,0,1175,0,0,0,0,0,0
155,0,1612,0,0,0,2545,0,0,0,0,0,0
156,1407,1160,0,0,0,1960,0,0,0,0,0,0
157,1996,1660,0,0,0,2704,0,0,0,0,0,0
158,1176,992,0,0,0,1599,0,0,0,0,0,0
159,1325,1079,0,0,0,1724,0,0,0,0,0,0
160,1361,1159,0,0,0,1764,0,0,0,0,0,0
161,1279,1038,0,0,0,1779,0,0,0,0,0,0
162,1539,1286,0,0,0,1986,0,0,0,0,0,0
163,1673,1384,0,0,0,2166,0,0,0,0,0,0
164,1240,1061,0,0,0,1731,0,0,0,0,0,0
165,1430,1204,0,0,0,1827,0,0,0,0,0,0
166,1030,834,0,0,0,1175,0,0,0,0,0,0
167,1891,1612,0,0,0,2545,0,0,0,0,0,0
168,1407,1160,0,0,0,1960,0,0,0,0,0,0
169,1996,1660,0,0,0,2704,0,0,0,0,0,0
170,1176,992,0,0,0,1599,0,0,0,0,0,0
171,1325,1079,0,0,0,1724,0,0,0,0,0,0
172,1361,1159,0,0,0,1764,0,0,0,0,0,0
173,1279,1038,0,0,0,1779,0,0,0,0,0,0
174,1539,1286,0,0,0,1986,0,0,0,0,0,0
175,1673,1384,0,0,0,2166,0,0,0,0,0,0
176,1240,1061,0,0,0,1731,0,0,0,0,0,0
177,1430,1204,0,0,0,1827,0,0,0,0,0,0
178,1030,834,0,0,0,1175,0,0,0,0,0,0
179,1891,1612,0,0,0,2545,0,0,0,0,0,0
180,1407,1160,0,0,0,0,0,0,0,0,0,0
181,1996,1660,0,0,0,0,0,0,0,0,0,0
182,1176,992,0,0,0,0,0,0,0,0,0,0
183,1325,1079,0,0,0,0,0,0,0,0,0,0
184,1361,1159,0,0,0,0,0,0,0,0,0,0
185,1279,1038,0,0,0,0,0,0,0,0,0,0
186,1539,1286,0,0,0,0,0,0,0,0,0,0
187,1673,1384,0,0,0,0,0,0,0,0,0,0
188,1240,1061,0,0,0,0,0,0,0,0,0,0
189,1430,1204,0,0,0,0,0,0,0,0,0,0
190,1030,834,0,0,0,0,0,0,0,0,0,0
191,1891,1612,0,0,0,0,0,0,0,0,0,0
192,0,0,0,0,0,0,0,590,0,0,0,0
193,0,0,0,0,0,0,0,782,0,0,0,0
194,0,0,0,0,0,0,0,492,0,0,0,0
195,0,0,0,0,0,0,0,533,0,0,0,0
196,0,0,0,0,0,0,0,601,0,0,0,0
197,0,0,0,0,0,0,0,561,0,0,0,0
198,0,0,0,0,0,0,0,629,0,0,0,0
199,0,0,0,0,0,0,0,706,0,0,0,0
200,0,0,0,0,0,0,0,562,0,0,0,0
201,0,0,0,0,0,0,0,634,0,0,0,0
202,0,0,0,0,0,0,0,412,0,0,0,0
203,0,0,0,0,0,0,0,836,0,0,0,0
204,0,0,0,0,0,1960,0,0,593,0,0,0
205,0,0,0,0,0,2704,0,0,792,0,0,0
206,0,0,0,0,0,1599,0,0,470,0,0,0
207,0,0,0,0,0,1724,0,0,583,0,0,0
208,0,0,0,0,0,1764,0,0,565,0,0,0
209,0,0,0,0,0,1779,0,0,565,0,0,0
210,0,0,0,0,0,1986,0,0,669,0,0,0
211,0,0,0,0,0,2166,0,0,701,0,0,0
212,0,0,0,0,0,1731,0,0,556,0,0,0
213,0,0,0,0,0,1827,0,0,620,0,0,0
214,0,0,0,0,0,1175,0,0,442,0,0,0
215,0,0,0,0,0,2545,0,0,846,0,0,0
216,0,0,0,0,0,1960,0,0,593,0,0,0
217,0,0,0,0,0,2704,0,0,792,0,0,0
218,0,0,0,0,0,1599,0,0,470,0,0,0
219,0,0,0,0,0,1724,0,0,583,0,0,0
220,0,0,0,0,0,1764,0,0,565,0,0,0
221,0,0,0,0,0,1779,0,0,565,0,0,0
222,0,0,0,0,0,1986,0,0,669,0,0,0
223,0,0,0,0,0,2166,0,0,701,0,0,0
224,0,0,0,0,0,1731,0,0,556,0,0,0
225,0,0,0,0,0,1827,0,0,620,0,0,0
226,0,0,0,0,0,1175,0,0,442,0,0,0
227,0,0,0,0,0,2545,0,0,846,0,0,0
228,0,0,0,0,0,1960,0,0,593,0,0,0
229,0,0,0,0,0,2704,0,0,792,0,0,0
230,0,0,0,0,0,1599,0,0,470,0,0,0
231,0,0,0,0,0,1724,0,0,583,0,0,0
232,0,0,0,0,0,1764,0,0,565,0,0,0
233,0,0,0,0,0,1779,0,0,565,0,0,0
234,0,0,0,0,0,1986,0,0,669,0,0,0
235,0,0,0,0,0,2166,0,0,701,0,0,0
236,0,0,0,0,0,1731,0,0,556,0,0,0
237,0,0,0,0,0,1827,0,0,620,0,0,0
238,0,0,0,0,0,1175,0,0,442,0,0,0
239,0,0,0,0,0,2545,0,0,846,0,0,0
240,1407,1160,0,225,0,1960,0,0,0,0,0,0
241,1996,1660,0,286,0,2704,0,0,0,0,0,0
242,1176,992,0,142,0,1599,0,0,0,0,0,0
243,1325,1079,0,225,0,1724,0,0,0,0,0,0
244,1361,1159,0,224,0,1764,0,0,0,0,0,0
245,1279,1038,0,236,0,1779,0,0,0,0,0,0
246,1539,1286,0,247,0,1986,0,0,0,0,0,0
247,1673,1384,0,283,0,2166,0,0,0,0,0,0
248,1240,1061,0,199,0,1731,0,0,0,0,0,0
249,1430,1204,0,224,0,1827,0,0,0,0,0,0
250,1030,834,0,181,0,1175,0,0,0,0,0,0
251,1891,1612,0,269,0,2545,0,0,0,0,0,0
252,0,1160,0,225,0,1960,0,590,0,0,677,0
253,0,1660,0,286,0,2704,0,782,0,0,899,0
254,0,992,0,142,0,1599,0,492,0,0,557,0
255,0,1079,0,225,0,1724,0,533,0,0,696,0
256,0,1159,0,224,0,1764,0,601,0,0,669,0
257,0,1038,0,236,0,1779,0,561,0,0,651,0
258,0,1286,0,247,0,1986,0,629,0,0,715,0
259,0,1384,0,283,0,2166,0,706,0,0,776,0
260,0,1061,0,199,0,1731,0,562,0,0,609,0
261,0,1204,0,224,0,1827,0,634,0,0,695,0
262,0,834,0,181,0,1175,0,412,0,0,513,0
263,0,1612,0,269,0,2545,0,836,0,0,942,0
264,0,1160,0,225,0,1960,0,0,0,0,0,0
265,0,1660,0,286,0,2704,0,0,0,0,0,0
266,0,992,0,142,0,1599,0,0,0,0,0,0
267,0,1079,0,225,0,1724,0,0,0,0,0,0
268,0,1159,0,224,0,1764,0,0,0,0,0,0
269,0,1038,0,236,0,1779,0,0,0,0,0,0
270,0,1286,0,247,0,1986,0,0,0,0,0,0
271,0,1384,0,283,0,2166,0,0,0,0,0,0
272,0,1061,0,199,0,1731,0,0,0,0,0,0
273,0,1204,0,224,0,1827,0,0,0,0,0,0
274,0,834,0,181,0,1175,0,0,0,0,0,0
275,0,1612,0,269,0,2545,0,0,0,0,0,0
276,0,0,0,0,0,1960,0,0,0,0,677,0
277,0,0,0,0,0,2704,0,0,0,0,899,0
278,0,0,0,0,0,1599,0,0,0,0,557,0
279,0,0,0,0,0,1724,0,0,0,0,696,0
280,0,0,0,0,0,1764,0,0,0,0,669,0
281,0,0,0,0,0,1779,0,0,0,0,651,0
282,0,0,0,0,0,1986,0,0,0,0,715,0
283,0,0,0,0,0,2166,0,0,0,0,776,0
284,0,0,0,0,0,1731,0,0,0,0,609,0
285,0,0,0,0,0,1827,0,0,0,0,695,0
286,0,0,0,0,0,1175,0,0,0,0,513,0
287,0,0,0,0,0,2545,0,0,0,0,942,0
288,0,1160,0,0,0,1960,0,0,593,0,0,0
289,0,1660,0,0,0,2704,0,0,792,0,0,0
290,0,992,0,0,0,1599,0,0,470,0,0,0
291,0,1079,0,0,0,1724,0,0,583,0,0,0
292,0,1159,0,0,0,1764,0,0,565,0,0,0
293,0,1038,0,0,0,1779,0,0,565,0,0,0
294,0,1286,0,0,0,1986,0,0,669,0,0,0
295,0,1384,0,0,0,2166,0,0,701,0,0,0
296,0,1061,0,0,0,1731,0,0,556,0,0,0
297,0,1204,0,0,0,1827,0,0,620,0,0,0
298,0,834,0,0,0,1175,0,0,442,0,0,0
299,0,1612,0,0,0,2545,0,0,846,0,0,0
300,0,0,0,0,0,1960,0,590,593,0,677,0
301,0,0,0,0,0,2704,0,782,792,0,899,0
302,0,0,0,0,0,1599,0,492,470,0,557,0
303,0,0,0,0,0,1724,0,533,583,0,696,0
304,0,0,0,0,0,1764,0,601,565,0,669,0
305,0,0,0,0,0,1779,0,561,565,0,651,0
306,0,0,0,0,0,1986,0,629,669,0,715,0
307,0,0,0,0,0,2166,0,706,701,0,776,0
308,0,0,0,0,0,1731,0,562,556,0,609,0
309,0,0,0,0,0,1827,0,634,620,0,695,0
310,0,0,0,0,0,1175,0,412,442,0,513,0
311,0,0,0,0,0,2545,0,836,846,0,942,0
312,0,0,0,0,0,0,0,0,593,0,0,0
313,0,0,0,0,0,0,0,0,792,0,0,0
314,0,0,0,0,0,0,0,0,470,0,0,0
315,0,0,0,0,0,0,0,0,583,0,0,0
316,0,0,0,0,0,0,0,0,565,0,0,0
317,0,0,0,0,0,0,0,0,565,0,0,0
318,0,0,0,0,0,0,0,0,669,0,0,0
319,0,0,0,0,0,0,0,0,701,0,0,0
320,0,0,0,0,0,0,0,0,556,0,0,0
321,0,0,0,0,0,0,0,0,620,0,0,0
322,0,0,0,0,0,0,0,0,442,0,0,0
323,0,0,0,0,0,0,0,0,846,0,0,0
324,0,1160,0,0,0,1960,0,0,0,0,0,0
325,0,1660,0,0,0,2704,0,0,0,0,0,0
326,0,992,0,0,0,1599,0,0,0,0,0,0
327,0,1079,0,0,0,1724,0,0,0,0,0,0
328,0,1159,0,0,0,1764,0,0,0,0,0,0
329,0,1038,0,0,0,1779,0,0,0,0,0,0
330,0,1286,0,0,0,1986,0,0,0,0,0,0
331,0,1384,0,0,0,2166,0,0,0,0,0,0
332,0,1061,0,0,0,1731,0,0,0,0,0,0
333,0,1204,0,0,0,1827,0,0,0,0,0,0
334,0,834,0,0,0,1175,0,0,0,0,0,0
335,0,1612,0,0,0,2545,0,0,0,0,0,0
336,1407,1160,0,225,0,1960,0,590,593,0,677,0
337,1996,1660,0,286,0,2704,0,782,792,0,899,0
338,1176,992,0,142,0,1599,0,492,470,0,557,0
339,1325,1079,0,225,0,1724,0,533,583,0,696,0
340,1361,1159,0,224,0,1764,0,601,565,0,669,0
341,1279,1038,0,236,0,1779,0,561,565,0,651,0
342,1539,1286,0,247,0,1986,0,629,669,0,715,0
343,1673,1384,0,283,0,2166,0,706,701,0,776,0
344,1240,1061,0,199,0,1731,0,562,556,0,609,0
345,1430,1204,0,224,0,1827,0,634,620,0,695,0
346,1030,834,0,181,0,1175,0,412,442,0,513,0
347,1891,1612,0,269,0,2545,0,836,846,0,942,0
348,1407,0,0,0,0,1960,0,0,0,0,0,0
349,1996,0,0,0,0,2704,0,0,0,0,0,0
350,1176,0,0,0,0,1599,0,0,0,0,0,0
351,1325,0,0,0,0,1724,0,0,0,0,0,0
352,1361,0,0,0,0,1764,0,0,0,0,0,0
353,1279,0,0,0,0,1779,0,0,0,0,0,0
354,1539,0,0,0,0,1986,0,0,0,0,0,0
355,1673,0,0,0,0,2166,0,0,0,0,0,0
356,1240,0,0,0,0,1731,0,0,0,0,0,0
357,1430,0,0,0,0,1827,0,0,0,0,0,0
358,1030,0,0,0,0,1175,0,0,0,0,0,0
359,1891,0,0,0,0,2545,0,0,0,0,0,0
360,0,0,128,0,0,1960,0,590,593,0,0,0
361,0,0,163,0,0,2704,0,782,792,0,0,0
362,0,0,112,0,0,1599,0,492,470,0,0,0
363,0,0,104,0,0,1724,0,533,583,0,0,0
364,0,0,109,0,0,1764,0,601,565,0,0,0
365,0,0,121,0,0,1779,0,561,565,0,0,0
366,0,0,119,0,0,1986,0,629,669,0,0,0
367,0,0,150,0,0,2166,0,706,701,0,0,0
368,0,0,120,0,0,1731,0,562,556,0,0,0
369,0,0,141,0,0,1827,0,634,620,0,0,0
370,0,0,82,0,0,1175,0,412,442,0,0,0
371,0,0,186,0,0,2545,0,836,846,0,0,0
372,1407,1160,0,0,0,0,0,0,0,0,0,0
373,1996,1660,0,0,0,0,0,0,0,0,0,0
374,1176,992,0,0,0,0,0,0,0,0,0,0
375,1325,1079,0,0,0,0,0,0,0,0,0,0
376,1361,1159,0,0,0,0,0,0,0,0,0,0
377,1279,1038,0,0,0,0,0,0,0,0,0,0
378,1539,1286,0,0,0,0,0,0,0,0,0,0
379,1673,1384,0,0,0,0,0,0,0,0,0,0
380,1240,1061,0,0,0,0,0,0,0,0,0,0
381,1430,1204,0,0,0,0,0,0,0,0,0,0
382,1030,834,0,0,0,0,0,0,0,0,0,0
383,1891,1612,0,0,0,0,0,0,0,0,0,0
384,1407,0,128,0,0,1960,0,0,0,0,0,0
385,1996,0,163,0,0,2704,0,0,0,0,0,0
386,1176,0,112,0,0,1599,0,0,0,0,0,0
387,1325,0,104,0,0,1724,0,0,0,0,0,0
388,1361,0,109,0,0,1764,0,0,0,0,0,0
389,1279,0,121,0,0,1779,0,0,0,0,0,0
390,1539,0,119,0,0,1986,0,0,0,0,0,0
391,1673,0,150,0,0,2166,0,0,0,0,0,0
392,1240,0,120,0,0,1731,0,0,0,0,0,0
393,1430,0,141,0,0,1827,0,0,0,0,0,0
394,1030,0,82,0,0,1175,0,0,0,0,0,0
395,1891,0,186,0,0,2545,0,0,0,0,0,0
396,1407,1160,0,0,0,0,0,0,0,0,0,0
397,1996,1660,0,0,0,0,0,0,0,0,0,0
398,1176,992,0,0,0,0,0,0,0,0,0,0
399,1325,1079,0,0,0,0,0,0,0,0,0,0
400,1361,1159,0,0,0,0,0,0,0,0,0,0
401,1279,1038,0,0,0,0,0,0,0,0,0,0
402,1539,1286,0,0,0,0,0,0,0,0,0,0
403,1673,1384,0,0,0,0,0,0,0,0,0,0
404,1240,1061,0,0,0,0,0,0,0,0,0,0
405,1430,1204,0,0,0,0,0,0,0,0,0,0
406,1030,834,0,0,0,0,0,0,0,0,0,0
407,1891,1612,0,0,0,0,0,0,0,0,0,0
408,1407,0,0,0,0,0,0,0,0,0,0,0
409,1996,0,0,0,0,0,0,0,0,0,0,0
410,1176,0,0,0,0,0,0,0,0,0,0,0
411,1325,0,0,0,0,0,0,0,0,0,0,0
412,1361,0,0,0,0,0,0,0,0,0,0,0
413,1279,0,0,0,0,0,0,0,0,0,0,0
414,1539,0,0,0,0,0,0,0,0,0,0,0
415,1673,0,0,0,0,0,0,0,0,0,0,0
416,1240,0,0,0,0,0,0,0,0,0,0,0
417,1430,0,0,0,0,0,0,0,0,0,0,0
418,1030,0,0,0,0,0,0,0,0,0,0,0
419,1891,0,0,0,0,0,0,0,0,0,0,0
420,1407,0,0,0,0,0,0,0,0,0,0,0
421,1996,0,0,0,0,0,0,0,0,0,0,0
422,1176,0,0,0,0,0,0,0,0,0,0,0
423,1325,0,0,0,0,0,0,0,0,0,0,0
424,1361,0,0,0,0,0,0,0,0,0,0,0
425,1279,0,0,0,0,0,0,0,0,0,0,0
426,1539,0,0,0,0,0,0,0,0,0,0,0
427,1673,0,0,0,0,0,0,0,0,0,0,0
428,1240,0,0,0,0,0,0,0,0,0,0,0
429,1430,0,0,0,0,0,0,0,0,0,0,0
430,1030,0,0,0,0,0,0,0,0,0,0,0
431,1891,0,0,0,0,0,0,0,0,0,0,0
432,1407,1160,0,0,0,0,0,0,0,0,0,0
433,1996,1660,0,0,0,0,0,0,0,0,0,0
434,1176,992,0,0,0,0,0,0,0,0,0,0
435,1325,1079,0,0,0,0,0,0,0,0,0,0
436,1361,1159,0,0,0,0,0,0,0,0,0,0
437,1279,1038,0,0,0,0,0,0,0,0,0,0
438,1539,1286,0,0,0,0,0,0,0,0,0,0
439,1673,1384,0,0,0,0,0,0,0,0,0,0
440,1240,1061,0,0,0,0,0,0,0,0,0,0
441,1430,1204,0,0,0,0,0,0,0,0,0,0
442,1030,834,0,0,0,0,0,0,0,0,0,0
443,1891,1612,0,0,0,0,0,0,0,0,0,0
444,0,1160,0,0,0,1960,0,590,0,0,0,0
445,0,1660,0,0,0,2704,0,782,0,0,0,0
446,0,992,0,0,0,1599,0,492,0,0,0,0
447,0,1079,0,0,0,1724,0,533,0,0,0,0
448,0,1159,0,0,0,1764,0,601,0,0,0,0
449,0,1038,0,0,0,1779,0,561,0,0,0,0
450,0,1286,0,0,0,1986,0,629,0,0,0,0
451,0,1384,0,0,0,2166,0,706,0,0,0,0
452,0,1061,0,0,0,1731,0,562,0,0,0,0
453,0,1204,0,0,0,1827,0,634,0,0,0,0
454,0,834,0,0,0,1175,0,412,0,0,0,0
455,0,1612,0,0,0,2545,0,836,0,0,0,0
456,0,1160,0,0,0,1960,0,0,0,0,0,0
457,0,1660,0,0,0,2704,0,0,0,0,0,0
458,0,992,0,0,0,1599,0,0,0,0,0,0
459,0,1079,0,0,0,1724,0,0,0,0,0,0
460,0,1159,0,0,0,1764,0,0,0,0,0,0
461,0,1038,0,0,0,1779,0,0,0,0,0,0
462,0,1286,0,0,0,1986,0,0,0,0,0,0
463,0,1384,0,0,0,2166,0,0,0,0,0,0
464,0,1061,0,0,0,1731,0,0,0,0,0,0
465,0,1204,0,0,0,1827,0,0,0,0,0,0
466,0,834,0,0,0,1175,0,0,0,0,0,0
467,0,1612,0,0,0,2545,0,0,0,0,0,0
468,1407,1160,0,0,0,1960,0,0,0,0,0,0
469,1996,1660,0,0,0,2704,0,0,0,0,0,0
470,1176,992,0,0,0,1599,0,0,0,0,0,0
471,1325,1079,0,0,0,1724,0,0,0,0,0,0
472,1361,1159,0,0,0,1764,0,0,0,0,0,0
473,1279,1038,0,0,0,1779,0,0,0,0,0,0
474,1539,1286,0,0,0,1986,0,0,0,0,0,0
475,1673,1384,0,0,0,2166,0,0,0,0,0,0
476,1240,1061,0,0,0,1731,0,0,0,0,0,0
477,1430,1204,0,0,0,1827,0,0,0,0,0,0
478,1030,834,0,0,0,1175,0,0,0,0,0,0
479,1891,1612,0,0,0,2545,0,0,0,0,0,0
480,1407,0,0,0,0,0,0,0,0,110,0,0
481,1996,0,0,0,0,0,0,0,0,143,0,0
482,1176,0,0,0,0,0,0,0,0,83,0,0
483,1325,0,0,0,0,0,0,0,0,101,0,0
484,1361,0,0,0,0,0,0,0,0,92,0,0
485,1279,0,0,0,0,0,0,0,0,81,0,0
486,1539,0,0,0,0,0,0,0,0,107,0,0
487,1673,0,0,0,0,0,0,0,0,113,0,0
488,1240,0,0,0,0,0,0,0,0,83,0,0
489,1430,0,0,0,0,0,0,0,0,103,0,0
490,1030,0,0,0,0,0,0,0,0,81,0,0
491,1891,0,0,0,0,0,0,0,0,141,0,0
492,1407,0,0,0,0,0,0,590,0,0,0,0
493,1996,0,0,0,0,0,0,782,0,0,0,0
494,1176,0,0,0,0,0,0,492,0,0,0,0
495,1325,0,0,0,0,0,0,533,0,0,0,0
496,1361,0,0,0,0,0,0,601,0,0,0,0
497,1279,0,0,0,0,0,0,561,0,0,0,0
498,1539,0,0,0,0,0,0,629,0,0,0,0
499,1673,0,0,0,0,0,0,706,0,0,0,0
500,1240,0,0,0,0,0,0,562,0,0,0,0
501,1430,0,0,0,0,0,0,634,0,0,0,0
502,1030,0,0,0,0,0,0,412,0,0,0,0
503,1891,0,0,0,0,0,0,836,0,0,0,0
504,1407,0,0,0,0,0,0,0,0,0,0,0
505,1996,0,0,0,0,0,0,0,0,0,0,0
506,1176,0,0,0,0,0,0,0,0,0,0,0
507,1325,0,0,0,0,0,0,0,0,0,0,0
508,1361,0,0,0,0,0,0,0,0,0,0,0
509,1279,0,0,0,0,0,0,0,0,0,0,0
510,1539,0,0,0,0,0,0,0,0,0,0,0
511,1673,0,0,0,0,0,0,0,0,0,0,0
512,1240,0,0,0,0,0,0,0,0,0,0,0
513,1430,0,0,0,0,0,0,0,0,0,0,0
514,1030,0,0,0,0,0,0,0,0,0,0,0
515,1891,0,0,0,0,0,0,0,0,0,0,0
516,1407,0,0,225,0,1960,0,590,0,0,677,0
517,1996,0,0,286,0,2704,0,782,0,0,899,0
518,1176,0,0,142,0,1599,0,492,0,0,557,0
519,1325,0,0,225,0,1724,0,533,0,0,696,0
520,1361,0,0,224,0,1764,0,601,0,0,669,0
521,1279,0,0,236,0,1779,0,561,0,0,651,0
522,1539,0,0,247,0,1986,0,629,0,0,715,0
523,1673,0,0,283,0,2166,0,706,0,0,776,0
524,1240,0,0,199,0,1731,0,562,0,0,609,0
525,1430,0,0,224,0,1827,0,634,0,0,695,0
526,1030,0,0,181,0,1175,0,412,0,0,513,0
527,1891,0,0,269,0,2545,0,836,0,0,942,0
528,0,0,0,0,0,1960,0,590,0,0,677,0
529,0,0,0,0,0,2704,0,782,0,0,899,0
530,0,0,0,0,0,1599,0,492,0,0,557,0
531,0,0,0,0,0,1724,0,533,0,0,696,0
532,0,0,0,0,0,1764,0,601,0,0,669,0
533,0,0,0,0,0,1779,0,561,0,0,651,0
534,0,0,0,0,0,1986,0,629,0,0,715,0
535,0,0,0,0,0,2166,0,706,0,0,776,0
536,0,0,0,0,0,1731,0,562,0,0,609,0
537,0,0,0,0,0,1827,0,634,0,0,695,0
538,0,0,0,0,0,1175,0,412,0,0,513,0
539,0,0,0,0,0,2545,0,836,0,0,942,0
540,0,0,0,0,0,0,0,0,593,0,677,0
541,0,0,0,0,0,0,0,0,792,0,899,0
542,0,0,0,0,0,0,0,0,470,0,557,0
543,0,0,0,0,0,0,0,0,583,0,696,0
544,0,0,0,0,0,0,0,0,565,0,669,0
545,0,0,0,0,0,0,0,0,565,0,651,0
546,0,0,0,0,0,0,0,0,669,0,715,0
547,0,0,0,0,0,0,0,0,701,0,776,0
548,0,0,0,0,0,0,0,0,556,0,609,0
549,0,0,0,0,0,0,0,0,620,0,695,0
550,0,0,0,0,0,0,0,0,442,0,513,0
551,0,0,0,0,0,0,0,0,846,0,942,0
552,1407,1160,0,0,0,0,0,0,0,0,0,0
553,1996,1660,0,0,0,0,0,0,0,0,0,0
554,1176,992,0,0,0,0,0,0,0,0,0,0
555,1325,1079,0,0,0,0,0,0,0,0,0,0
556,1361,1159,0,0,0,0,0,0,0,0,0,0
557,1279,1038,0,0,0,0,0,0,0,0,0,0
558,1539,1286,0,0,0,0,0,0,0,0,0,0
559,1673,1384,0,0,0,0,0,0,0,0,0,0
560,1240,1061,0,0,0,0,0,0,0,0,0,0
561,1430,1204,0,0,0,0,0,0,0,0,0,0
562,1030,834,0,0,0,0,0,0,0,0,0,0
563,1891,1612,0,0,0,0,0,0,0,0,0,0
564,1407,0,0,0,0,1960,0,0,0,0,0,0
565,1996,0,0,0,0,2704,0,0,0,0,0,0
566,1176,0,0,0,0,1599,0,0,0,0,0,0
567,1325,0,0,0,0,1724,0,0,0,0,0,0
568,1361,0,0,0,0,1764,0,0,0,0,0,0
569,1279,0,0,0,0,1779,0,0,0,0,0,0
570,1539,0,0,0,0,1986,0,0,0,0,0,0
571,1673,0,0,0,0,2166,0,0,0,0,0,0
572,1240,0,0,0,0,1731,0,0,0,0,0,0
573,1430,0,0,0,0,1827,0,0,0,0,0,0
574,1030,0,0,0,0,1175,0,0,0,0,0,0
575,1891,0,0,0,0,2545,0,0,0,0,0,0
576,0,0,0,225,0,1960,0,0,593,0,677,0
577,0,0,0,286,0,2704,0,0,792,0,899,0
578,0,0,0,142,0,1599,0,0,470,0,557,0
579,0,0,0,225,0,1724,0,0,583,0,696,0
580,0,0,0,224,0,1764,0,0,565,0,669,0
581,0,0,0,236,0,1779,0,0,565,0,651,0
582,0,0,0,247,0,1986,0,0,669,0,715,0
583,0,0,0,283,0,2166,0,0,701,0,776,0
584,0,0,0,199,0,1731,0,0,556,0,609,0
585,0,0,0,224,0,1827,0,0,620,0,695,0
586,0,0,0,181,0,1175,0,0,442,0,513,0
587,0,0,0,269,0,2545,0,0,846,0,942,0
588,1407,1160,0,0,0,1960,0,0,0,0,0,0
589,1996,1660,0,0,0,2704,0,0,0,0,0,0
590,1176,992,0,0,0,1599,0,0,0,0,0,0
591,1325,1079,0,0,0,1724,0,0,0,0,0,0
592,1361,1159,0,0,0,1764,0,0,0,0,0,0
593,1279,1038,0,0,0,1779,0,0,0,0,0,0
594,1539,1286,0,0,0,1986,0,0,0,0,0,0
595,1673,1384,0,0,0,2166,0,0,0,0,0,0
596,1240,1061,0,0,0,1731,0,0,0,0,0,0
597,1430,1204,0,0,0,1827,0,0,0,0,0,0
598,1030,834,0,0,0,1175,0,0,0,0,0,0
599,1891,1612,0,0,0,2545,0,0,0,0,0,0
600,1407,1160,0,0,0,0,0,0,0,0,0,0
601,1996,1660,0,0,0,0,0,0,0,0,0,0
602,1176,992,0,0,0,0,0,0,0,0,0,0
603,1325,1079,0,0,0,0,0,0,0,0,0,0
604,1361,1159,0,0,0,0,0,0,0,0,0,0
605,1279,1038,0,0,0,0,0,0,0,0,0,0
606,1539,1286,0,0,0,0,0,0,0,0,0,0
607,1673,1384,0,0,0,0,0,0,0,0,0,0
608,1240,1061,0,0,0,0,0,0,0,0,0,0
609,1430,1204,0,0,0,0,0,0,0,0,0,0
610,1030,834,0,0,0,0,0,0,0,0,0,0
611,1891,1612,0,0,0,0,0,0,0,0,0,0
612,0,1160,0,0,0,1960,0,0,0,0,0,0
613,0,1660,0,0,0,2704,0,0,0,0,0,0
614,0,992,0,0,0,1599,0,0,0,0,0,0
615,0,1079,0,0,0,1724,0,0,0,0,0,0
616,0,1159,0,0,0,1764,0,0,0,0,0,0
617,0,1038,0,0,0,1779,0,0,0,0,0,0
618,0,1286,0,0,0,1986,0,0,0,0,0,0
619,0,1384,0,0,0,2166,0,0,0,0,0,0
620,0,1061,0,0,0,1731,0,0,0,0,0,0
621,0,1204,0,0,0,1827,0,0,0,0,0,0
622,0,834,0,0,0,1175,0,0,0,0,0,0
623,0,1612,0,0,0,2545,0,0,0,0,0,0
624,0,0,0,0,0,0,0,0,0,0,677,0
625,0,0,0,0,0,0,0,0,0,0,899,0
626,0,0,0,0,0,0,0,0,0,0,557,0
627,0,0,0,0,0,0,0,0,0,0,696,0
628,0,0,0,0,0,0,0,0,0,0,669,0
629,0,0,0,0,0,0,0,0,0,0,651,0
630,0,0,0,0,0,0,0,0,0,0,715,0
631,0,0,0,0,0,0,0,0,0,0,776,0
632,0,0,0,0,0,0,0,0,0,0,609,0
633,0,0,0,0,0,0,0,0,0,0,695,0
634,0,0,0,0,0,0,0,0,0,0,513,0
635,0,0,0,0,0,0,0,0,0,0,942,0
636,0,1160,0,0,0,1960,0,590,0,0,677,0
637,0,1660,0,0,0,2704,0,782,0,0,899,0
638,0,992,0,0,0,1599,0,492,0,0,557,0
639,0,1079,0,0,0,1724,0,533,0,0,696,0
640,0,1159,0,0,0,1764,0,601,0,0,669,0
641,0,1038,0,0,0,1779,0,561,0,0,651,0
642,0,1286,0,0,0,1986,0,629,0,0,715,0
643,0,1384,0,0,0,2166,0,706,0,0,776,0
644,0,1061,0,0,0,1731,0,562,0,0,609,0
645,0,1204,0,0,0,1827,0,634,0,0,695,0
646,0,834,0,0,0,1175,0,412,0,0,513,0
647,0,1612,0,0,0,2545,0,836,0,0,942,0
648,0,0,128,0,0,0,0,0,593,0,0,0
649,0,0,163,0,0,0,0,0,792,0,0,0
650,0,0,112,0,0,0,0,0,470,0,0,0
651,0,0,104,0,0,0,0,0,583,0,0,0
652,0,0,109,0,0,0,0,0,565,0,0,0
653,0,0,121,0,0,0,0,0,565,0,0,0
654,0,0,119,0,0,0,0,0,669,0,0,0
655,0,0,150,0,0,0,0,0,701,0,0,0
656,0,0,120,0,0,0,0,0,556,0,0,0
657,0,0,141,0,0,0,0,0,620,0,0,0
658,0,0,82,0,0,0,0,0,442,0,0,0
659,0,0,186,0,0,0,0,0,846,0,0,0
660,1407,0,0,0,0,0,0,0,0,0,0,0
661,1996,0,0,0,0,0,0,0,0,0,0,0
662,1176,0,0,0,0,0,0,0,0,0,0,0
663,1325,0,0,0,0,0,0,0,0,0,0,0
664,1361,0,0,0,0,0,0,0,0,0,0,0
665,1279,0,0,0,0,0,0,0,0,0,0,0
666,1539,0,0,0,0,0,0,0,0,0,0,0
667,1673,0,0,0,0,0,0,0,0,0,0,0
668,1240,0,0,0,0,0,0,0,0,0,0,0
669,1430,0,0,0,0,0,0,0,0,0,0,0
670,1030,0,0,0,0,0,0,0,0,0,0,0
671,1891,0,0,0,0,0,0,0,0,0,0,0
672,1407,1160,0,0,0,0,0,590,0,0,0,0
673,1996,1660,0,0,0,0,0,782,0,0,0,0
674,1176,992,0,0,0,0,0,492,0,0,0,0
675,1325,1079,0,0,0,0,0,533,0,0,0,0
676,1361,1159,0,0,0,0,0,601,0,0,0,0
677,1279,1038,0,0,0,0,0,561,0,0,0,0
678,1539,1286,0,0,0,0,0,629,0,0,0,0
679,1673,1384,0,0,0,0,0,706,0,0,0,0
680,1240,1061,0,0,0,0,0,562,0,0,0,0
681,1430,1204,0,0,0,0,0,634,0,0,0,0
682,1030,834,0,0,0,0,0,412,0,0,0,0
683,1891,1612,0,0,0,0,0,836,0,0,0,0
684,1407,0,0,225,0,1960,44,0,593,0,677,0
685,1996,0,0,286,0,2704,56,0,792,0,899,0
686,1176,0,0,142,0,1599,38,0,470,0,557,0
687,1325,0,0,225,0,1724,61,0,583,0,696,0
688,1361,0,0,224,0,1764,50,0,565,0,669,0
689,1279,0,0,236,0,1779,53,0,565,0,651,0
690,1539,0,0,247,0,1986,60,0,669,0,715,0
691,1673,0,0,283,0,2166,66,0,701,0,776,0
692,1240,0,0,199,0,1731,60,0,556,0,609,0
693,1430,0,0,224,0,1827,61,0,620,0,695,0
694,1030,0,0,181,0,1175,49,0,442,0,513,0
695,1891,0,0,269,0,2545,88,0,846,0,942,0
696,0,1160,0,0,0,1960,0,0,0,0,0,0
697,0,1660,0,0,0,2704,0,0,0,0,0,0
698,0,992,0,0,0,1599,0,0,0,0,0,0
699,0,1079,0,0,0,1724,0,0,0,0,0,0
700,0,1159,0,0,0,1764,0,0,0,0,0,0
701,0,1038,0,0,0,1779,0,0,0,0,0,0
702,0,1286,0,0,0,1986,0,0,0,0,0,0
703,0,1384,0,0,0,2166,0,0,0,0,0,0
704,0,1061,0,0,0,1731,0,0,0,0,0,0
705,0,1204,0,0,0,1827,0,0,0,0,0,0
706,0,834,0,0,0,1175,0,0,0,0,0,0
707,0,1612,0,0,0,2545,0,0,0,0,0,0
708,1407,0,0,0,0,1960,0,0,0,0,0,0
709,1996,0,0,0,0,2704,0,0,0,0,0,0
710,1176,0,0,0,0,1599,0,0,0,0,0,0
711,1325,0,0,0,0,1724,0,0,0,0,0,0
712,1361,0,0,0,0,1764,0,0,0,0,0,0
713,1279,0,0,0,0,1779,0,0,0,0,0,0
714,1539,0,0,0,0,1986,0,0,0,0,0,0
715,1673,0,0,0,0,2166,0,0,0,0,0,0
716,1240,0,0,0,0,1731,0,0,0,0,0,0
717,1430,0,0,0,0,1827,0,0,0,0,0,0
718,1030,0,0,0,0,1175,0,0,0,0,0,0
719,1891,0,0,0,0,2545,0,0,0,0,0,0
720,1407,1160,0,0,0,0,0,0,0,0,0,0
721,1996,1660,0,0,0,0,0,0,0,0,0,0
722,1176,992,0,0,0,0,0,0,0,0,0,0
723,1325,1079,0,0,0,0,0,0,0,0,0,0
724,1361,1159,0,0,0,0,0,0,0,0,0,0
725,1279,1038,0,0,0,0,0,0,0,0,0,0
726,1539,1286,0,0,0,0,0,0,0,0,0,0
727,1673,1384,0,0,0,0,0,0,0,0,0,0
728,1240,1061,0,0,0,0,0,0,0,0,0,0
729,1430,1204,0,0,0,0,0,0,0,0,0,0
730,1030,834,0,0,0,0,0,0,0,0,0,0
731,1891,1612,0,0,0,0,0,0,0,0,0,0
732,0,0,0,0,0,0,0,0,593,0,0,0
733,0,0,0,0,0,0,0,0,792,0,0,0
734,0,0,0,0,0,0,0,0,470,0,0,0
735,0,0,0,0,0,0,0,0,583,0,0,0
736,0,0,0,0,0,0,0,0,565,0,0,0
737,0,0,0,0,0,0,0,0,565,0,0,0
738,0,0,0,0,0,0,0,0,669,0,0,0
739,0,0,0,0,0,0,0,0,701,0,0,0
740,0,0,0,0,0,0,0,0,556,0,0,0
741,0,0,0,0,0,0,0,0,620,0,0,0
742,0,0,0,0,0,0,0,0,442,0,0,0
743,0,0,0,0,0,0,0,0,846,0,0,0
744,0,1160,0,0,0,1960,0,0,0,0,0,0
745,0,1660,0,0,0,2704,0,0,0,0,0,0
746,0,992,0,0,0,1599,0,0,0,0,0,0
747,0,1079,0,0,0,1724,0,0,0,0,0,0
748,0,1159,0,0,0,1764,0,0,0,0,0,0
749,0,1038,0,0,0,1779,0,0,0,0,0,0
750,0,1286,0,0,0,1986,0,0,0,0,0,0
751,0,1384,0,0,0,2166,0,0,0,0,0,0
752,0,1061,0,0,0,1731,0,0,0,0,0,0
753,0,1204,0,0,0,1827,0,0,0,0,0,0
754,0,834,0,0,0,1175,0,0,0,0,0,0
755,0,1612,0,0,0,2545,0,0,0,0,0,0
756,0,0,0,0,0,1960,0,0,593,0,0,0
757,0,0,0,0,0,2704,0,0,792,0,0,0
758,0,0,0,0,0,1599,0,0,470,0,0,0
759,0,0,0,0,0,1724,0,0,583,0,0,0
760,0,0,0,0,0,1764,0,0,565,0,0,0
761,0,0,0,0,0,1779,0,0,565,0,0,0
762,0,0,0,0,0,1986,0,0,669,0,0,0
763,0,0,0,0,0,2166,0,0,701,0,0,0
764,0,0,0,0,0,1731,0,0,556,0,0,0
765,0,0,0,0,0,1827,0,0,620,0,0,0
766,0,0,0,0,0,1175,0,0,442,0,0,0
767,0,0,0,0,0,2545,0,0,846,0,0,0
768,0,0,0,0,0,0,0,0,0,0,0,0
769,0,0,0,0,0,0,0,0,0,0,0,0
770,0,0,0,0,0,0,0,0,0,0,0,0
771,0,0,0,0,0,0,0,0,0,0,0,0
772,0,0,0,0,0,0,0,0,0,0,0,0
773,0,0,0,0,0,0,0,0,0,0,0,0
774,0,0,0,0,0,0,0,0,0,0,0,0
775,0,0,0,0,0,0,0,0,0,0,0,0
776,0,0,0,0,0,0,0,0,0,0,0,0
777,0,0,0,0,0,0,0,0,0,0,0,0
778,0,0,0,0,0,0,0,0,0,0,0,0
779,0,0,0,0,0,0,0,0,0,0,0,0
780,1407,1160,0,0,0,1960,44,590,0,0,0,0
781,1996,1660,0,0,0,2704,56,782,0,0,0,0
782,1176,992,0,0,0,1599,38,492,0,0,0,0
783,1325,1079,0,0,0,1724,61,533,0,0,0,0
784,1361,1159,0,0,0,1764,50,601,0,0,0,0
785,1279,1038,0,0,0,1779,53,561,0,0,0,0
786,1539,1286,0,0,0,1986,60,629,0,0,0,0
787,1673,1384,0,0,0,2166,66,706,0,0,0,0
788,1240,1061,0,0,0,1731,60,562,0,0,0,0
789,1430,1204,0,0,0,1827,61,634,0,0,0,0
790,1030,834,0,0,0,1175,49,412,0,0,0,0
791,1891,1612,0,0,0,2545,88,836,0,0,0,0
792,0,0,0,0,0,0,0,590,0,0,0,0
793,0,0,0,0,0,0,0,782,0,0,0,0
794,0,0,0,0,0,0,0,492,0,0,0,0
795,0,0,0,0,0,0,0,533,0,0,0,0
796,0,0,0,0,0,0,0,601,0,0,0,0
797,0,0,0,0,0,0,0,561,0,0,0,0
798,0,0,0,0,0,0,0,629,0,0,0,0
799,0,0,0,0,0,0,0,706,0,0,0,0
800,0,0,0,0,0,0,0,562,0,0,0,0
801,0,0,0,0,0,0,0,634,0,0,0,0
802,0,0,0,0,0,0,0,412,0,0,0,0
803,0,0,0,0,0,0,0,836,0,0,0,0
804,0,0,0,0,0,1960,0,0,0,0,0,0
805,0,0,0,0,0,2704,0,0,0,0,0,0
806,0,0,0,0,0,1599,0,0,0,0,0,0
807,0,0,0,0,0,1724,0,0,0,0,0,0
808,0,0,0,0,0,1764,0,0,0,0,0,0
809,0,0,0,0,0,1779,0,0,0,0,0,0
810,0,0,0,0,0,1986,0,0,0,0,0,0
811,0,0,0,0,0,2166,0,0,0,0,0,0
812,0,0,0,0,0,1731,0,0,0,0,0,0
813,0,0,0,0,0,1827,0,0,0,0,0,0
814,0,0,0,0,0,1175,0,0,0,0,0,0
815,0,0,0,0,0,2545,0,0,0,0,0,0
816,1407,0,0,0,0,0,0,0,0,0,0,0
817,1996,0,0,0,0,0,0,0,0,0,0,0
818,1176,0,0,0,0,0,0,0,0,0,0,0
819,1325,0,0,0,0,0,0,0,0,0,0,0
820,1361,0,0,0,0,0,0,0,0,0,0,0
821,1279,0,0,0,0,0,0,0,0,0,0,0
822,1539,0,0,0,0,0,0,0,0,0,0,0
823,1673,0,0,0,0,0,0,0,0,0,0,0
824,1240,0,0,0,0,0,0,0,0,0,0,0
825,1430,0,0,0,0,0,0,0,0,0,0,0
826,1030,0,0,0,0,0,0,0,0,0,0,0
827,1891,0,0,0,0,0,0,0,0,0,0,0
828,1407,0,0,0,0,0,0,0,0,0,0,0
829,1996,0,0,0,0,0,0,0,0,0,0,0
830,1176,0,0,0,0,0,0,0,0,0,0,0
831,1325,0,0,0,0,0,0,0,0,0,0,0
832,1361,0,0,0,0,0,0,0,0,0,0,0
833,1279,0,0,0,0,0,0,0,0,0,0,0
834,1539,0,0,0,0,0,0,0,0,0,0,0
835,1673,0,0,0,0,0,0,0,0,0,0,0
836,1240,0,0,0,0,0,0,0,0,0,0,0
837,1430,0,0,0,0,0,0,0,0,0,0,0
838,1030,0,0,0,0,0,0,0,0,0,0,0
839,1891,0,0,0,0,0,0,0,0,0,0,0
840,0,0,0,225,0,1960,0,0,593,0,677,0
841,0,0,0,286,0,2704,0,0,792,0,899,0
842,0,0,0,142,0,1599,0,0,470,0,557,0
843,0,0,0,225,0,1724,0,0,583,0,696,0
844,0,0,0,224,0,1764,0,0,565,0,669,0
845,0,0,0,236,0,1779,0,0,565,0,651,0
846,0,0,0,247,0,1986,0,0,669,0,715,0
847,0,0,0,283,0,2166,0,0,701,0,776,0
848,0,0,0,199,0,1731,0,0,556,0,609,0
849,0,0,0,224,0,1827,0,0,620,0,695,0
850,0,0,0,181,0,1175,0,0,442,0,513,0
851,0,0,0,269,0,2545,0,0,846,0,942,0
852,1407,0,0,0,0,1960,0,0,0,0,0,0
853,1996,0,0,0,0,2704,0,0,0,0,0,0
854,1176,0,0,0,0,1599,0,0,0,0,0,0
855,1325,0,0,0,0,1724,0,0,0,0,0,0
856,1361,0,0,0,0,1764,0,0,0,0,0,0
857,1279,0,0,0,0,1779,0,0,0,0,0,0
858,1539,0,0,0,0,1986,0,0,0,0,0,0
859,1673,0,0,0,0,2166,0,0,0,0,0,0
860,1240,0,0,0,0,1731,0,0,0,0,0,0
861,1430,0,0,0,0,1827,0,0,0,0,0,0
862,1030,0,0,0,0,1175,0,0,0,0,0,0
863,1891,0,0,0,0,2545,0,0,0,0,0,0
864,1407,0,0,0,0,0,0,590,0,0,0,0
865,1996,0,0,0,0,0,0,782,0,0,0,0
866,1176,0,0,0,0,0,0,492,0,0,0,0
867,1325,0,0,0,0,0,0,533,0,0,0,0
868,1361,0,0,0,0,0,0,601,0,0,0,0
869,1279,0,0,0,0,0,0,561,0,0,0,0
870,1539,0,0,0,0,0,0,629,0,0,0,0
871,1673,0,0,0,0,0,0,706,0,0,0,0
872,1240,0,0,0,0,0,0,562,0,0,0,0
873,1430,0,0,0,0,0,0,634,0,0,0,0
874,1030,0,0,0,0,0,0,412,0,0,0,0
875,1891,0,0,0,0,0,0,836,0,0,0,0
876,0,1160,0,0,0,1960,0,590,0,0,0,0
877,0,1660,0,0,0,2704,0,782,0,0,0,0
878,0,992,0,0,0,1599,0,492,0,0,0,0
879,0,1079,0,0,0,1724,0,533,0,0,0,0
880,0,1159,0,0,0,1764,0,601,0,0,0,0
881,0,1038,0,0,0,1779,0,561,0,0,0,0
882,0,1286,0,0,0,1986,0,629,0,0,0,0
883,0,1384,0,0,0,2166,0,706,0,0,0,0
884,0,1061,0,0,0,1731,0,562,0,0,0,0
885,0,1204,0,0,0,1827,0,634,0,0,0,0
886,0,834,0,0,0,1175,0,412,0,0,0,0
887,0,1612,0,0,0,2545,0,836,0,0,0,0
888,0,1160,0,0,0,0,0,0,0,0,0,0
889,0,1660,0,0,0,0,0,0,0,0,0,0
890,0,992,0,0,0,0,0,0,0,0,0,0
891,0,1079,0,0,0,0,0,0,0,0,0,0
892,0,1159,0,0,0,0,0,0,0,0,0,0
893,0,1038,0,0,0,0,0,0,0,0,0,0
894,0,1286,0,0,0,0,0,0,0,0,0,0
895,0,1384,0,0,0,0,0,0,0,0,0,0
896,0,1061,0,0,0,0,0,0,0,0,0,0
897,0,1204,0,0,0,0,0,0,0,0,0,0
898,0,834,0,0,0,0,0,0,0,0,0,0
899,0,1612,0,0,0,0,0,0,0,0,0,0
900,1407,1160,0,0,0,0,0,0,0,0,0,0
901,1996,1660,0,0,0,0,0,0,0,0,0,0
902,1176,992,0,0,0,0,0,0,0,0,0,0
903,1325,1079,0,0,0,0,0,0,0,0,0,0
904,1361,1159,0,0,0,0,0,0,0,0,0,0
905,1279,1038,0,0,0,0,0,0,0,0,0,0
906,1539,1286,0,0,0,0,0,0,0,0,0,0
907,1673,1384,0,0,0,0,0,0,0,0,0,0
908,1240,1061,0,0,0,0,0,0,0,0,0,0
909,1430,1204,0,0,0,0,0,0,0,0,0,0
910,1030,834,0,0,0,0,0,0,0,0,0,0
911,1891,1612,0,0,0,0,0,0,0,0,0,0
912,0,0,0,0,0,1960,0,0,593,0,677,0
913,0,0,0,0,0,2704,0,0,792,0,899,0
914,0,0,0,0,0,1599,0,0,470,0,557,0
915,0,0,0,0,0,1724,0,0,583,0,696,0
916,0,0,0,0,0,1764,0,0,565,0,669,0
917,0,0,0,0,0,1779,0,0,565,0,651,0
918,0,0,0,0,0,1986,0,0,669,0,715,0
919,0,0,0,0,0,2166,0,0,701,0,776,0
920,0,0,0,0,0,1731,0,0,556,0,609,0
921,0,0,0,0,0,1827,0,0,620,0,695,0
922,0,0,0,0,0,1175,0,0,442,0,513,0
923,0,0,0,0,0,2545,0,0,846,0,942,0
924,0,1160,0,0,0,1960,0,0,593,0,677,0
925,0,1660,0,0,0,2704,0,0,792,0,899,0
926,0,992,0,0,0,1599,0,0,470,0,557,0
927,0,1079,0,0,0,1724,0,0,583,0,696,0
928,0,1159,0,0,0,1764,0,0,565,0,669,0
929,0,1038,0,0,0,1779,0,0,565,0,651,0
930,0,1286,0,0,0,1986,0,0,669,0,715,0
931,0,1384,0,0,0,2166,0,0,701,0,776,0
932,0,1061,0,0,0,1731,0,0,556,0,609,0
933,0,1204,0,0,0,1827,0,0,620,0,695,0
934,0,834,0,0,0,1175,0,0,442,0,513,0
935,0,1612,0,0,0,2545,0,0,846,0,942,0
936,1407,1160,0,0,0,0,0,0,0,0,0,0
937,1996,1660,0,0,0,0,0,0,0,0,0,0
938,1176,992,0,0,0,0,0,0,0,0,0,0
939,1325,1079,0,0,0,0,0,0,0,0,0,0
940,1361,1159,0,0,0,0,0,0,0,0,0,0
941,1279,1038,0,0,0,0,0,0,0,0,0,0
942,1539,1286,0,0,0,0,0,0,0,0,0,0
943,1673,1384,0,0,0,0,0,0,0,0,0,0
944,1240,1061,0,0,0,0,0,0,0,0,0,0
945,1430,1204,0,0,0,0,0,0,0,0,0,0
946,1030,834,0,0,0,0,0,0,0,0,0,0
947,1891,1612,0,0,0,0,0,0,0,0,0,0
948,1407,0,128,0,0,0,0,0,0,0,0,0
949,1996,0,163,0,0,0,0,0,0,0,0,0
950,1176,0,112,0,0,0,0,0,0,0,0,0
951,1325,0,104,0,0,0,0,0,0,0,0,0
952,1361,0,109,0,0,0,0,0,0,0,0,0
953,1279,0,121,0,0,0,0,0,0,0,0,0
954,1539,0,119,0,0,0,0,0,0,0,0,0
955,1673,0,150,0,0,0,0,0,0,0,0,0
956,1240,0,120,0,0,0,0,0,0,0,0,0
957,1430,0,141,0,0,0,0,0,0,0,0,0
958,1030,0,82,0,0,0,0,0,0,0,0,0
959,1891,0,186,0,0,0,0,0,0,0,0,0
960,1407,1160,0,0,0,1960,0,0,0,0,0,0
961,1996,1660,0,0,0,2704,0,0,0,0,0,0
962,1176,992,0,0,0,1599,0,0,0,0,0,0
963,1325,1079,0,0,0,1724,0,0,0,0,0,0
964,1361,1159,0,0,0,1764,0,0,0,0,0,0
965,1279,1038,0,0,0,1779,0,0,0,0,0,0
966,1539,1286,0,0,0,1986,0,0,0,0,0,0
967,1673,1384,0,0,0,2166,0,0,0,0,0,0
968,1240,1061,0,0,0,1731,0,0,0,0,0,0
969,1430,1204,0,0,0,1827,0,0,0,0,0,0
970,1030,834,0,0,0,1175,0,0,0,0,0,0
971,1891,1612,0,0,0,2545,0,0,0,0,0,0
972,0,0,0,0,0,0,0,0,0,110,0,0
973,0,0,0,0,0,0,0,0,0,143,0,0
974,0,0,0,0,0,0,0,0,0,83,0,0
975,0,0,0,0,0,0,0,0,0,101,0,0
976,0,0,0,0,0,0,0,0,0,92,0,0
977,0,0,0,0,0,0,0,0,0,81,0,0
978,0,0,0,0,0,0,0,0,0,107,0,0
979,0,0,0,0,0,0,0,0,0,113,0,0
980,0,0,0,0,0,0,0,0,0,83,0,0
981,0,0,0,0,0,0,0,0,0,103,0,0
982,0,0,0,0,0,0,0,0,0,81,0,0
983,0,0,0,0,0,0,0,0,0,141,0,0
984,1407,1160,0,0,0,1960,0,590,0,0,0,0
985,1996,1660,0,0,0,2704,0,782,0,0,0,0
986,1176,992,0,0,0,1599,0,492,0,0,0,0
987,1325,1079,0,0,0,1724,0,533,0,0,0,0
988,1361,1159,0,0,0,1764,0,601,0,0,0,0
989,1279,1038,0,0,0,1779,0,561,0,0,0,0
990,1539,1286,0,0,0,1986,0,629,0,0,0,0
991,1673,1384,0,0,0,2166,0,706,0,0,0,0
992,1240,1061,0,0,0,1731,0,562,0,0,0,0
993,1430,1204,0,0,0,1827,0,634,0,0,0,0
994,1030,834,0,0,0,1175,0,412,0,0,0,0
995,1891,1612,0,0,0,2545,0,836,0,0,0,0
996,1407,0,0,225,0,0,0,0,0,0,0,0
997,1996,0,0,286,0,0,0,0,0,0,0,0
998,1176,0,0,142,0,0,0,0,0,0,0,0
999,1325,0,0,225,0,0,0,0,0,0,0,0
1000,1361,0,0,224,0,0,0,0,0,0,0,0
1001,1279,0,0,236,0,0,0,0,0,0,0,0
1002,1539,0,0,247,0,0,0,0,0,0,0,0
1003,1673,0,0,283,0,0,0,0,0,0,0,0
1004,1240,0,0,199,0,0,0,0,0,0,0,0
1005,1430,0,0,224,0,0,0,0,0,0,0,0
1006,1030,0,0,181,0,0,0,0,0,0,0,0
1007,1891,0,0,269,0,0,0,0,0,0,0,0
1008,0,0,0,0,0,1960,0,0,593,0,0,0
1009,0,0,0,0,0,2704,0,0,792,0,0,0
1010,0,0,0,0,0,1599,0,0,470,0,0,0
1011,0,0,0,0,0,1724,0,0,583,0,0,0
1012,0,0,0,0,0,1764,0,0,565,0,0,0
1013,0,0,0,0,0,1779,0,0,565,0,0,0
1014,0,0,0,0,0,1986,0,0,669,0,0,0
1015,0,0,0,0,0,2166,0,0,701,0,0,0
1016,0,0,0,0,0,1731,0,0,556,0,0,0
1017,0,0,0,0,0,1827,0,0,620,0,0,0
1018,0,0,0,0,0,1175,0,0,442,0,0,0
1019,0,0,0,0,0,2545,0,0,846,0,0,0
1020,1407,0,0,0,0,1960,0,0,0,0,0,0
1021,1996,0,0,0,0,2704,0,0,0,0,0,0
1022,1176,0,0,0,0,1599,0,0,0,0,0,0
1023,1325,0,0,0,0,1724,0,0,0,0,0,0
1024,1361,0,0,0,0,1764,0,0,0,0,0,0
1025,1279,0,0,0,0,1779,0,0,0,0,0,0
1026,1539,0,0,0,0,1986,0,0,0,0,0,0
1027,1673,0,0,0,0,2166,0,0,0,0,0,0
1028,1240,0,0,0,0,1731,0,0,0,0,0,0
1029,1430,0,0,0,0,1827,0,0,0,0,0,0
1030,1030,0,0,0,0,1175,0,0,0,0,0,0
1031,1891,0,0,0,0,2545,0,0,0,0,0,0
1032,1407,0,0,0,0,0,0,0,0,0,0,0
1033,1996,0,0,0,0,0,0,0,0,0,0,0
1034,1176,0,0,0,0,0,0,0,0,0,0,0
1035,1325,0,0,0,0,0,0,0,0,0,0,0
1036,1361,0,0,0,0,0,0,0,0,0,0,0
1037,1279,0,0,0,0,0,0,0,0,0,0,0
1038,1539,0,0,0,0,0,0,0,0,0,0,0
1039,1673,0,0,0,0,0,0,0,0,0,0,0
1040,1240,0,0,0,0,0,0,0,0,0,0,0
1041,1430,0,0,0,0,0,0,0,0,0,0,0
1042,1030,0,0,0,0,0,0,0,0,0,0,0
1043,1891,0,0,0,0,0,0,0,0,0,0,0
1044,0,0,0,0,0,1960,0,0,0,0,0,0
1045,0,0,0,0,0,2704,0,0,0,0,0,0
1046,0,0,0,0,0,1599,0,0,0,0,0,0
1047,0,0,0,0,0,1724,0,0,0,0,0,0
1048,0,0,0,0,0,1764,0,0,0,0,0,0
1049,0,0,0,0,0,1779,0,0,0,0,0,0
1050,0,0,0,0,0,1986,0,0,0,0,0,0
1051,0,0,0,0,0,2166,0,0,0,0,0,0
1052,0,0,0,0,0,1731,0,0,0,0,0,0
1053,0,0,0,0,0,1827,0,0,0,0,0,0
1054,0,0,0,0,0,1175,0,0,0,0,0,0
1055,0,0,0,0,0,2545,0,0,0,0,0,0
1056,1407,0,0,0,0,0,0,0,0,0,0,0
1057,1996,0,0,0,0,0,0,0,0,0,0,0
1058,1176,0,0,0,0,0,0,0,0,0,0,0
1059,1325,0,0,0,0,0,0,0,0,0,0,0
1060,1361,0,0,0,0,0,0,0,0,0,0,0
1061,1279,0,0,0,0,0,0,0,0,0,0,0
1062,1539,0,0,0,0,0,0,0,0,0,0,0
1063,1673,0,0,0,0,0,0,0,0,0,0,0
1064,1240,0,0,0,0,0,0,0,0,0,0,0
1065,1430,0,0,0,0,0,0,0,0,0,0,0
1066,1030,0,0,0,0,0,0,0,0,0,0,0
1067,1891,0,0,0,0,0,0,0,0,0,0,0
1068,1407,0,0,0,0,1960,0,0,0,0,677,0
1069,1996,0,0,0,0,2704,0,0,0,0,899,0
1070,1176,0,0,0,0,1599,0,0,0,0,557,0
1071,1325,0,0,0,0,1724,0,0,0,0,696,0
1072,1361,0,0,0,0,1764,0,0,0,0,669,0
1073,1279,0,0,0,0,1779,0,0,0,0,651,0
1074,1539,0,0,0,0,1986,0,0,0,0,715,0
1075,1673,0,0,0,0,2166,0,0,0,0,776,0
1076,1240,0,0,0,0,1731,0,0,0,0,609,0
1077,1430,0,0,0,0,1827,0,0,0,0,695,0
1078,1030,0,0,0,0,1175,0,0,0,0,513,0
1079,1891,0,0,0,0,2545,0,0,0,0,942,0
1080,0,0,0,0,0,1960,0,0,593,0,677,0
1081,0,0,0,0,0,2704,0,0,792,0,899,0
1082,0,0,0,0,0,1599,0,0,470,0,557,0
1083,0,0,0,0,0,1724,0,0,583,0,696,0
1084,0,0,0,0,0,1764,0,0,565,0,669,0
1085,0,0,0,0,0,1779,0,0,565,0,651,0
1086,0,0,0,0,0,1986,0,0,669,0,715,0
1087,0,0,0,0,0,2166,0,0,701,0,776,0
1088,0,0,0,0,0,1731,0,0,556,0,609,0
1089,0,0,0,0,0,1827,0,0,620,0,695,0
1090,0,0,0,0,0,1175,0,0,442,0,513,0
1091,0,0,0,0,0,2545,0,0,846,0,942,0
1092,1407,1160,0,0,0,0,0,0,0,0,0,0
1093,1996,1660,0,0,0,0,0,0,0,0,0,0
1094,1176,992,0,0,0,0,0,0,0,0,0,0
1095,1325,1079,0,0,0,0,0,0,0,0,0,0
1096,1361,1159,0,0,0,0,0,0,0,0,0,0
1097,1279,1038,0,0,0,0,0,0,0,0,0,0
1098,1539,1286,0,0,0,0,0,0,0,0,0,0
1099,1673,1384,0,0,0,0,0,0,0,0,0,0
1100,1240,1061,0,0,0,0,0,0,0,0,0,0
1101,1430,1204,0,0,0,0,0,0,0,0,0,0
1102,1030,834,0,0,0,0,0,0,0,0,0,0
1103,1891,1612,0,0,0,0,0,0,0,0,0,0
1104,0,0,0,0,0,1960,0,0,593,0,0,0
1105,0,0,0,0,0,2704,0,0,792,0,0,0
1106,0,0,0,0,0,1599,0,0,470,0,0,0
1107,0,0,0,0,0,1724,0,0,583,0,0,0
1108,0,0,0,0,0,1764,0,0,565,0,0,0
1109,0,0,0,0,0,1779,0,0,565,0,0,0
1110,0,0,0,0,0,1986,0,0,669,0,0,0
1111,0,0,0,0,0,2166,0,0,701,0,0,0
1112,0,0,0,0,0,1731,0,0,556,0,0,0
1113,0,0,0,0,0,1827,0,0,620,0,0,0
1114,0,0,0,0,0,1175,0,0,442,0,0,0
1115,0,0,0,0,0,2545,0,0,846,0,0,0
1116,1407,0,0,0,0,1960,0,590,0,0,0,0
1117,1996,0,0,0,0,2704,0,782,0,0,0,0
1118,1176,0,0,0,0,1599,0,492,0,0,0,0
1119,1325,0,0,0,0,1724,0,533,0,0,0,0
1120,1361,0,0,0,0,1764,0,601,0,0,0,0
1121,1279,0,0,0,0,1779,0,561,0,0,0,0
1122,1539,0,0,0,0,1986,0,629,0,0,0,0
1123,1673,0,0,0,0,2166,0,706,0,0,0,0
1124,1240,0,0,0,0,1731,0,562,0,0,0,0
1125,1430,0,0,0,0,1827,0,634,0,0,0,0
1126,1030,0,0,0,0,1175,0,412,0,0,0,0
1127,1891,0,0,0,0,2545,0,836,0,0,0,0
1128,1407,1160,0,225,0,1960,0,0,0,0,0,0
1129,1996,1660,0,286,0,2704,0,0,0,0,0,0
1130,1176,992,0,142,0,1599,0,0,0,0,0,0
1131,1325,1079,0,225,0,1724,0,0,0,0,0,0
1132,1361,1159,0,224,0,1764,0,0,0,0,0,0
1133,1279,1038,0,236,0,1779,0,0,0,0,0,0
1134,1539,1286,0,247,0,1986,0,0,0,0,0,0
1135,1673,1384,0,283,0,2166,0,0,0,0,0,0
1136,1240,1061,0,199,0,1731,0,0,0,0,0,0
1137,1430,1204,0,224,0,1827,0,0,0,0,0,0
1138,1030,834,0,181,0,1175,0,0,0,0,0,0
1139,1891,1612,0,269,0,2545,0,0,0,0,0,0
1140,1407,0,0,0,0,0,0,0,0,0,0,0
1141,1996,0,0,0,0,0,0,0,0,0,0,0
1142,1176,0,0,0,0,0,0,0,0,0,0,0
1143,1325,0,0,0,0,0,0,0,0,0,0,0
1144,1361,0,0,0,0,0,0,0,0,0,0,0
1145,1279,0,0,0,0,0,0,0,0,0,0,0
1146,1539,0,0,0,0,0,0,0,0,0,0,0
1147,1673,0,0,0,0,0,0,0,0,0,0,0
1148,1240,0,0,0,0,0,0,0,0,0,0,0
1149,1430,0,0,0,0,0,0,0,0,0,0,0
1150,1030,0,0,0,0,0,0,0,0,0,0,0
1151,1891,0,0,0,0,0,0,0,0,0,0,0
1152,0,1160,0,0,0,1960,0,0,0,0,0,0
1153,0,1660,0,0,0,2704,0,0,0,0,0,0
1154,0,992,0,0,0,1599,0,0,0,0,0,0
1155,0,1079,0,0,0,1724,0,0,0,0,0,0
1156,0,1159,0,0,0,1764,0,0,0,0,0,0
1157,0,1038,0,0,0,1779,0,0,0,0,0,0
1158,0,1286,0,0,0,1986,0,0,0,0,0,0
1159,0,1384,0,0,0,2166,0,0,0,0,0,0
1160,0,1061,0,0,0,1731,0,0,0,0,0,0
1161,0,1204,0,0,0,1827,0,0,0,0,0,0
1162,0,834,0,0,0,1175,0,0,0,0,0,0
1163,0,1612,0,0,0,2545,0,0,0,0,0,0
1164,1407,1160,128,0,0,1960,0,590,0,0,0,0
1165,1996,1660,163,0,0,2704,0,782,0,0,0,0
1166,1176,992,112,0,0,1599,0,492,0,0,0,0
1167,1325,1079,104,0,0,1724,0,533,0,0,0,0
1168,1361,1159,109,0,0,1764,0,601,0,0,0,0
1169,1279,1038,121,0,0,1779,0,561,0,0,0,0
1170,1539,1286,119,0,0,1986,0,629,0,0,0,0
1171,1673,1384,150,0,0,2166,0,706,0,0,0,0
1172,1240,1061,120,0,0,1731,0,562,0,0,0,0
1173,1430,1204,141,0,0,1827,0,634,0,0,0,0
1174,1030,834,82,0,0,1175,0,412,0,0,0,0
1175,1891,1612,186,0,0,2545,0,836,0,0,0,0
1176,1407,1160,0,225,0,0,0,590,0,0,0,0
1177,1996,1660,0,286,0,0,0,782,0,0,0,0
1178,1176,992,0,142,0,0,0,492,0,0,0,0
1179,1325,1079,0,225,0,0,0,533,0,0,0,0
1180,1361,1159,0,224,0,0,0,601,0,0,0,0
1181,1279,1038,0,236,0,0,0,561,0,0,0,0
1182,1539,1286,0,247,0,0,0,629,0,0,0,0
1183,1673,1384,0,283,0,0,0,706,0,0,0,0
1184,1240,1061,0,199,0,0,0,562,0,0,0,0
1185,1430,1204,0,224,0,0,0,634,0,0,0,0
1186,1030,834,0,181,0,0,0,412,0,0,0,0
1187,1891,1612,0,269,0,0,0,836,0,0,0,0
1188,0,0,0,0,0,1960,0,0,0,0,677,0
1189,0,0,0,0,0,2704,0,0,0,0,899,0
1190,0,0,0,0,0,1599,0,0,0,0,557,0
1191,0,0,0,0,0,1724,0,0,0,0,696,0
1192,0,0,0,0,0,1764,0,0,0,0,669,0
1193,0,0,0,0,0,1779,0,0,0,0,651,0
1194,0,0,0,0,0,1986,0,0,0,0,715,0
1195,0,0,0,0,0,2166,0,0,0,0,776,0
1196,0,0,0,0,0,1731,0,0,0,0,609,0
1197,0,0,0,0,0,1827,0,0,0,0,695,0
1198,0,0,0,0,0,1175,0,0,0,0,513,0
1199,0,0,0,0,0,2545,0,0,0,0,942,0
1200,0,1160,128,0,0,1960,0,0,0,0,0,0
1201,0,1660,163,0,0,2704,0,0,0,0,0,0
1202,0,992,112,0,0,1599,0,0,0,0,0,0
1203,0,1079,104,0,0,1724,0,0,0,0,0,0
1204,0,1159,109,0,0,1764,0,0,0,0,0,0
1205,0,1038,121,0,0,1779,0,0,0,0,0,0
1206,0,1286,119,0,0,1986,0,0,0,0,0,0
1207,0,1384,150,0,0,2166,0,0,0,0,0,0
1208,0,1061,120,0,0,1731,0,0,0,0,0,0
1209,0,1204,141,0,0,1827,0,0,0,0,0,0
1210,0,834,82,0,0,1175,0,0,0,0,0,0
1211,0,1612,186,0,0,2545,0,0,0,0,0,0
1212,0,1160,0,225,0,1960,0,0,593,0,0,0
1213,0,1660,0,286,0,2704,0,0,792,0,0,0
1214,0,992,0,142,0,1599,0,0,470,0,0,0
1215,0,1079,0,225,0,1724,0,0,583,0,0,0
1216,0,1159,0,224,0,1764,0,0,565,0,0,0
1217,0,1038,0,236,0,1779,0,0,565,0,0,0
1218,0,1286,0,247,0,1986,0,0,669,0,0,0
1219,0,1384,0,283,0,2166,0,0,701,0,0,0
1220,0,1061,0,199,0,1731,0,0,556,0,0,0
1221,0,1204,0,224,0,1827,0,0,620,0,0,0
1222,0,834,0,181,0,1175,0,0,442,0,0,0
1223,0,1612,0,269,0,2545,0,0,846,0,0,0
1224,0,0,0,0,0,1960,0,0,0,0,0,0
1225,0,0,0,0,0,2704,0,0,0,0,0,0
1226,0,0,0,0,0,1599,0,0,0,0,0,0
1227,0,0,0,0,0,1724,0,0,0,0,0,0
1228,0,0,0,0,0,1764,0,0,0,0,0,0
1229,0,0,0,0,0,1779,0,0,0,0,0,0
1230,0,0,0,0,0,1986,0,0,0,0,0,0
1231,0,0,0,0,0,2166,0,0,0,0,0,0
1232,0,0,0,0,0,1731,0,0,0,0,0,0
1233,0,0,0,0,0,1827,0,0,0,0,0,0
1234,0,0,0,0,0,1175,0,0,0,0,0,0
1235,0,0,0,0,0,2545,0,0,0,0,0,0
1236,0,0,0,225,0,0,0,0,593,110,0,0
1237,0,0,0,286,0,0,0,0,792,143,0,0
1238,0,0,0,142,0,0,0,0,470,83,0,0
1239,0,0,0,225,0,0,0,0,583,101,0,0
1240,0,0,0,224,0,0,0,0,565,92,0,0
1241,0,0,0,236,0,0,0,0,565,81,0,0
1242,0,0,0,247,0,0,0,0,669,107,0,0
1243,0,0,0,283,0,0,0,0,701,113,0,0
1244,0,0,0,199,0,0,0,0,556,83,0,0
1245,0,0,0,224,0,0,0,0,620,103,0,0
1246,0,0,0,181,0,0,0,0,442,81,0,0
1247,0,0,0,269,0,0,0,0,846,141,0,0
1248,1407,0,0,0,0,1960,0,0,593,0,677,0
1249,1996,0,0,0,0,2704,0,0,792,0,899,0
1250,1176,0,0,0,0,1599,0,0,470,0,557,0
1251,1325,0,0,0,0,1724,0,0,583,0,696,0
1252,1361,0,0,0,0,1764,0,0,565,0,669,0
1253,1279,0,0,0,0,1779,0,0,565,0,651,0
1254,1539,0,0,0,0,1986,0,0,669,0,715,0
1255,1673,0,0,0,0,2166,0,0,701,0,776,0
1256,1240,0,0,0,0,1731,0,0,556,0,609,0
1257,1430,0,0,0,0,1827,0,0,620,0,695,0
1258,1030,0,0,0,0,1175,0,0,442,0,513,0
1259,1891,0,0,0,0,2545,0,0,846,0,942,0
1260,1407,1160,0,0,0,0,0,0,0,0,0,0
1261,1996,1660,0,0,0,0,0,0,0,0,0,0
1262,1176,992,0,0,0,0,0,0,0,0,0,0
1263,1325,1079,0,0,0,0,0,0,0,0,0,0
1264,1361,1159,0,0,0,0,0,0,0,0,0,0
1265,1279,1038,0,0,0,0,0,0,0,0,0,0
1266,1539,1286,0,0,0,0,0,0,0,0,0,0
1267,1673,1384,0,0,0,0,0,0,0,0,0,0
1268,1240,1061,0,0,0,0,0,0,0,0,0,0
1269,1430,1204,0,0,0,0,0,0,0,0,0,0
1270,1030,834,0,0,0,0,0,0,0,0,0,0
1271,1891,1612,0,0,0,0,0,0,0,0,0,0
1272,1407,0,0,225,0,1960,0,0,0,110,0,0
1273,1996,0,0,286,0,2704,0,0,0,143,0,0
1274,1176,0,0,142,0,1599,0,0,0,83,0,0
1275,1325,0,0,225,0,1724,0,0,0,101,0,0
1276,1361,0,0,224,0,1764,0,0,0,92,0,0
1277,1279,0,0,236,0,1779,0,0,0,81,0,0
1278,1539,0,0,247,0,1986,0,0,0,107,0,0
1279,1673,0,0,283,0,2166,0,0,0,113,0,0
1280,1240,0,0,199,0,1731,0,0,0,83,0,0
1281,1430,0,0,224,0,1827,0,0,0,103,0,0
1282,1030,0,0,181,0,1175,0,0,0,81,0,0
1283,1891,0,0,269,0,2545,0,0,0,141,0,0
1284,1407,1160,0,0,0,1960,0,590,0,0,0,0
1285,1996,1660,0,0,0,2704,0,782,0,0,0,0
1286,1176,992,0,0,0,1599,0,492,0,0,0,0
1287,1325,1079,0,0,0,1724,0,533,0,0,0,0
1288,1361,1159,0,0,0,1764,0,601,0,0,0,0
1289,1279,1038,0,0,0,1779,0,561,0,0,0,0
1290,1539,1286,0,0,0,1986,0,629,0,0,0,0
1291,1673,1384,0,0,0,2166,0,706,0,0,0,0
1292,1240,1061,0,0,0,1731,0,562,0,0,0,0
1293,1430,1204,0,0,0,1827,0,634,0,0,0,0
1294,1030,834,0,0,0,1175,0,412,0,0,0,0
1295,1891,1612,0,0,0,2545,0,836,0,0,0,0
1296,1407,1160,0,0,0,1960,0,0,0,0,0,0
1297,1996,1660,0,0,0,2704,0,0,0,0,0,0
1298,1176,992,0,0,0,1599,0,0,0,0,0,0
1299,1325,1079,0,0,0,1724,0,0,0,0,0,0
1300,1361,1159,0,0,0,1764,0,0,0,0,0,0
1301,1279,1038,0,0,0,1779,0,0,0,0,0,0
1302,1539,1286,0,0,0,1986,0,0,0,0,0,0
1303,1673,1384,0,0,0,2166,0,0,0,0,0,0
1304,1240,1061,0,0,0,1731,0,0,0,0,0,0
1305,1430,1204,0,0,0,1827,0,0,0,0,0,0
1306,1030,834,0,0,0,1175,0,0,0,0,0,0
1307,1891,1612,0,0,0,2545,0,0,0,0,0,0
1308,0,1160,0,0,0,1960,0,0,0,0,0,0
1309,0,1660,0,0,0,2704,0,0,0,0,0,0
1310,0,992,0,0,0,1599,0,0,0,0,0,0
1311,0,1079,0,0,0,1724,0,0,0,0,0,0
1312,0,1159,0,0,0,1764,0,0,0,0,0,0
1313,0,1038,0,0,0,1779,0,0,0,0,0,0
1314,0,1286,0,0,0,1986,0,0,0,0,0,0
1315,0,1384,0,0,0,2166,0,0,0,0,0,0
1316,0,1061,0,0,0,1731,0,0,0,0,0,0
1317,0,1204,0,0,0,1827,0,0,0,0,0,0
1318,0,834,0,0,0,1175,0,0,0,0,0,0
1319,0,1612,0,0,0,2545,0,0,0,0,0,0
1320,0,0,0,0,0,0,0,0,593,0,677,0
1321,0,0,0,0,0,0,0,0,792,0,899,0
1322,0,0,0,0,0,0,0,0,470,0,557,0
1323,0,0,0,0,0,0,0,0,583,0,696,0
1324,0,0,0,0,0,0,0,0,565,0,669,0
1325,0,0,0,0,0,0,0,0,565,0,651,0
1326,0,0,0,0,0,0,0,0,669,0,715,0
1327,0,0,0,0,0,0,0,0,701,0,776,0
1328,0,0,0,0,0,0,0,0,556,0,609,0
1329,0,0,0,0,0,0,0,0,620,0,695,0
1330,0,0,0,0,0,0,0,0,442,0,513,0
1331,0,0,0,0,0,0,0,0,846,0,942,0
1332,0,0,0,0,0,1960,0,590,0,0,677,0
1333,0,0,0,0,0,2704,0,782,0,0,899,0
1334,0,0,0,0,0,1599,0,492,0,0,557,0
1335,0,0,0,0,0,1724,0,533,0,0,696,0
1336,0,0,0,0,0,1764,0,601,0,0,669,0
1337,0,0,0,0,0,1779,0,561,0,0,651,0
1338,0,0,0,0,0,1986,0,629,0,0,715,0
1339,0,0,0,0,0,2166,0,706,0,0,776,0
1340,0,0,0,0,0,1731,0,562,0,0,609,0
1341,0,0,0,0,0,1827,0,634,0,0,695,0
1342,0,0,0,0,0,1175,0,412,0,0,513,0
1343,0,0,0,0,0,2545,0,836,0,0,942,0
1344,0,1160,0,0,0,1960,0,590,0,0,677,0
1345,0,1660,0,0,0,2704,0,782,0,0,899,0
1346,0,992,0,0,0,1599,0,492,0,0,557,0
1347,0,1079,0,0,0,1724,0,533,0,0,696,0
1348,0,1159,0,0,0,1764,0,601,0,0,669,0
1349,0,1038,0,0,0,1779,0,561,0,0,651,0
1350,0,1286,0,0,0,1986,0,629,0,0,715,0
1351,0,1384,0,0,0,2166,0,706,0,0,776,0
1352,0,1061,0,0,0,1731,0,562,0,0,609,0
1353,0,1204,0,0,0,1827,0,634,0,0,695,0
1354,0,834,0,0,0,1175,0,412,0,0,513,0
1355,0,1612,0,0,0,2545,0,836,0,0,942,0
1356,0,0,0,0,0,0,0,0,0,0,677,0
1357,0,0,0,0,0,0,0,0,0,0,899,0
1358,0,0,0,0,0,0,0,0,0,0,557,0
1359,0,0,0,0,0,0,0,0,0,0,696,0
1360,0,0,0,0,0,0,0,0,0,0,669,0
1361,0,0,0,0,0,0,0,0,0,0,651,0
1362,0,0,0,0,0,0,0,0,0,0,715,0
1363,0,0,0,0,0,0,0,0,0,0,776,0
1364,0,0,0,0,0,0,0,0,0,0,609,0
1365,0,0,0,0,0,0,0,0,0,0,695,0
1366,0,0,0,0,0,0,0,0,0,0,513,0
1367,0,0,0,0,0,0,0,0,0,0,942,0
1368,0,1160,0,0,0,1960,0,590,0,0,0,0
1369,0,1660,0,0,0,2704,0,782,0,0,0,0
1370,0,992,0,0,0,1599,0,492,0,0,0,0
1371,0,1079,0,0,0,1724,0,533,0,0,0,0
1372,0,1159,0,0,0,1764,0,601,0,0,0,0
1373,0,1038,0,0,0,1779,0,561,0,0,0,0
1374,0,1286,0,0,0,1986,0,629,0,0,0,0
1375,0,1384,0,0,0,2166,0,706,0,0,0,0
1376,0,1061,0,0,0,1731,0,562,0,0,0,0
1377,0,1204,0,0,0,1827,0,634,0,0,0,0
1378,0,834,0,0,0,1175,0,412,0,0,0,0
1379,0,1612,0,0,0,2545,0,836,0,0,0,0
1380,1407,0,0,0,0,0,0,0,0,0,0,0
1381,1996,0,0,0,0,0,0,0,0,0,0,0
1382,1176,0,0,0,0,0,0,0,0,0,0,0
1383,1325,0,0,0,0,0,0,0,0,0,0,0
1384,1361,0,0,0,0,0,0,0,0,0,0,0
1385,1279,0,0,0,0,0,0,0,0,0,0,0
1386,1539,0,0,0,0,0,0,0,0,0,0,0
1387,1673,0,0,0,0,0,0,0,0,0,0,0
1388,1240,0,0,0,0,0,0,0,0,0,0,0
1389,1430,0,0,0,0,0,0,0,0,0,0,0
1390,1030,0,0,0,0,0,0,0,0,0,0,0
1391,1891,0,0,0,0,0,0,0,0,0,0,0
1392,1407,0,0,0,0,0,0,0,0,0,677,0
1393,1996,0,0,0,0,0,0,0,0,0,899,0
1394,1176,0,0,0,0,0,0,0,0,0,557,0
1395,1325,0,0,0,0,0,0,0,0,0,696,0
1396,1361,0,0,0,0,0,0,0,0,0,669,0
1397,1279,0,0,0,0,0,0,0,0,0,651,0
1398,1539,0,0,0,0,0,0,0,0,0,715,0
1399,1673,0,0,0,0,0,0,0,0,0,776,0
1400,1240,0,0,0,0,0,0,0,0,0,609,0
1401,1430,0,0,0,0,0,0,0,0,0,695,0
1402,1030,0,0,0,0,0,0,0,0,0,513,0
1403,1891,0,0,0,0,0,0,0,0,0,942,0
1404,0,0,0,0,0,1960,0,590,593,0,0,0
1405,0,0,0,0,0,2704,0,782,792,0,0,0
1406,0,0,0,0,0,1599,0,492,470,0,0,0
1407,0,0,0,0,0,1724,0,533,583,0,0,0
1408,0,0,0,0,0,1764,0,601,565,0,0,0
1409,0,0,0,0,0,1779,0,561,565,0,0,0
1410,0,0,0,0,0,1986,0,629,669,0,0,0
1411,0,0,0,0,0,2166,0,706,701,0,0,0
1412,0,0,0,0,0,1731,0,562,556,0,0,0
1413,0,0,0,0,0,1827,0,634,620,0,0,0
1414,0,0,0,0,0,1175,0,412,442,0,0,0
1415,0,0,0,0,0,2545,0,836,846,0,0,0
1416,0,0,0,0,0,1960,0,590,0,0,677,0
1417,0,0,0,0,0,2704,0,782,0,0,899,0
1418,0,0,0,0,0,1599,0,492,0,0,557,0
1419,0,0,0,0,0,1724,0,533,0,0,696,0
1420,0,0,0,0,0,1764,0,601,0,0,669,0
1421,0,0,0,0,0,1779,0,561,0,0,651,0
1422,0,0,0,0,0,1986,0,629,0,0,715,0
1423,0,0,0,0,0,2166,0,706,0,0,776,0
1424,0,0,0,0,0,1731,0,562,0,0,609,0
1425,0,0,0,0,0,1827,0,634,0,0,695,0
1426,0,0,0,0,0,1175,0,412,0,0,513,0
1427,0,0,0,0,0,2545,0,836,0,0,942,0
1428,1407,0,0,0,0,0,0,0,0,0,0,0
1429,1996,0,0,0,0,0,0,0,0,0,0,0
1430,1176,0,0,0,0,0,0,0,0,0,0,0
1431,1325,0,0,0,0,0,0,0,0,0,0,0
1432,1361,0,0,0,0,0,0,0,0,0,0,0
1433,1279,0,0,0,0,0,0,0,0,0,0,0
1434,1539,0,0,0,0,0,0,0,0,0,0,0
1435,1673,0,0,0,0,0,0,0,0,0,0,0
1436,1240,0,0,0,0,0,0,0,0,0,0,0
1437,1430,0,0,0,0,0,0,0,0,0,0,0
1438,1030,0,0,0,0,0,0,0,0,0,0,0
1439,1891,0,0,0,0,0,0,0,0,0,0,0
1440,1407,0,0,0,0,0,0,590,0,0,0,0
1441,1996,0,0,0,0,0,0,782,0,0,0,0
1442,1176,0,0,0,0,0,0,492,0,0,0,0
1443,1325,0,0,0,0,0,0,533,0,0,0,0
1444,1361,0,0,0,0,0,0,601,0,0,0,0
1445,1279,0,0,0,0,0,0,561,0,0,0,0
1446,1539,0,0,0,0,0,0,629,0,0,0,0
1447,1673,0,0,0,0,0,0,706,0,0,0,0
1448,1240,0,0,0,0,0,0,562,0,0,0,0
1449,1430,0,0,0,0,0,0,634,0,0,0,0
1450,1030,0,0,0,0,0,0,412,0,0,0,0
1451,1891,0,0,0,0,0,0,836,0,0,0,0
1452,0,1160,0,0,0,1960,0,0,0,0,0,0
1453,0,1660,0,0,0,2704,0,0,0,0,0,0
1454,0,992,0,0,0,1599,0,0,0,0,0,0
1455,0,1079,0,0,0,1724,0,0,0,0,0,0
1456,0,1159,0,0,0,1764,0,0,0,0,0,0
1457,0,1038,0,0,0,1779,0,0,0,0,0,0
1458,0,1286,0,0,0,1986,0,0,0,0,0,0
1459,0,1384,0,0,0,2166,0,0,0,0,0,0
1460,0,1061,0,0,0,1731,0,0,0,0,0,0
1461,0,1204,0,0,0,1827,0,0,0,0,0,0
1462,0,834,0,0,0,1175,0,0,0,0,0,0
1463,0,1612,0,0,0,2545,0,0,0,0,0,0
1464,1407,1160,0,0,0,1960,0,590,0,0,677,0
1465,1996,1660,0,0,0,2704,0,782,0,0,899,0
1466,1176,992,0,0,0,1599,0,492,0,0,557,0
1467,1325,1079,0,0,0,1724,0,533,0,0,696,0
1468,1361,1159,0,0,0,1764,0,601,0,0,669,0
1469,1279,1038,0,0,0,1779,0,561,0,0,651,0
1470,1539,1286,0,0,0,1986,0,629,0,0,715,0
1471,1673,1384,0,0,0,2166,0,706,0,0,776,0
1472,1240,1061,0,0,0,1731,0,562,0,0,609,0
1473,1430,1204,0,0,0,1827,0,634,0,0,695,0
1474,1030,834,0,0,0,1175,0,412,0,0,513,0
1475,1891,1612,0,0,0,2545,0,836,0,0,942,0
1476,1407,0,0,0,0,0,0,0,0,0,0,0
1477,1996,0,0,0,0,0,0,0,0,0,0,0
1478,1176,0,0,0,0,0,0,0,0,0,0,0
1479,1325,0,0,0,0,0,0,0,0,0,0,0
1480,1361,0,0,0,0,0,0,0,0,0,0,0
1481,1279,0,0,0,0,0,0,0,0,0,0,0
1482,1539,0,0,0,0,0,0,0,0,0,0,0
1483,1673,0,0,0,0,0,0,0,0,0,0,0
1484,1240,0,0,0,0,0,0,0,0,0,0,0
1485,1430,0,0,0,0,0,0,0,0,0,0,0
1486,1030,0,0,0,0,0,0,0,0,0,0,0
1487,1891,0,0,0,0,0,0,0,0,0,0,0
1488,0,0,0,0,0,0,0,590,0,0,0,0
1489,0,0,0,0,0,0,0,782,0,0,0,0
1490,0,0,0,0,0,0,0,492,0,0,0,0
1491,0,0,0,0,0,0,0,533,0,0,0,0
1492,0,0,0,0,0,0,0,601,0,0,0,0
1493,0,0,0,0,0,0,0,561,0,0,0,0
1494,0,0,0,0,0,0,0,629,0,0,0,0
1495,0,0,0,0,0,0,0,706,0,0,0,0
1496,0,0,0,0,0,0,0,562,0,0,0,0
1497,0,0,0,0,0,0,0,634,0,0,0,0
1498,0,0,0,0,0,0,0,412,0,0,0,0
1499,0,0,0,0,0,0,0,836,0,0,0,0
1500,0,0,0,0,0,0,0,590,0,0,677,0
1501,0,0,0,0,0,0,0,782,0,0,899,0
1502,0,0,0,0,0,0,0,492,0,0,557,0
1503,0,0,0,0,0,0,0,533,0,0,696,0
1504,0,0,0,0,0,0,0,601,0,0,669,0
1505,0,0,0,0,0,0,0,561,0,0,651,0
1506,0,0,0,0,0,0,0,629,0,0,715,0
1507,0,0,0,0,0,0,0,706,0,0,776,0
1508,0,0,0,0,0,0,0,562,0,0,609,0
1509,0,0,0,0,0,0,0,634,0,0,695,0
1510,0,0,0,0,0,0,0,412,0,0,513,0
1511,0,0,0,0,0,0,0,836,0,0,942,0
1512,0,0,0,0,0,1960,0,590,593,0,677,0
1513,0,0,0,0,0,2704,0,782,792,0,899,0
1514,0,0,0,0,0,1599,0,492,470,0,557,0
1515,0,0,0,0,0,1724,0,533,583,0,696,0
1516,0,0,0,0,0,1764,0,601,565,0,669,0
1517,0,0,0,0,0,1779,0,561,565,0,651,0
1518,0,0,0,0,0,1986,0,629,669,0,715,0
1519,0,0,0,0,0,2166,0,706,701,0,776,0
1520,0,0,0,0,0,1731,0,562,556,0,609,0
1521,0,0,0,0,0,1827,0,634,620,0,695,0
1522,0,0,0,0,0,1175,0,412,442,0,513,0
1523,0,0,0,0,0,2545,0,836,846,0,942,0
1524,0,0,0,225,0,1960,0,0,0,0,0,0
1525,0,0,0,286,0,2704,0,0,0,0,0,0
1526,0,0,0,142,0,1599,0,0,0,0,0,0
1527,0,0,0,225,0,1724,0,0,0,0,0,0
1528,0,0,0,224,0,1764,0,0,0,0,0,0
1529,0,0,0,236,0,1779,0,0,0,0,0,0
1530,0,0,0,247,0,1986,0,0,0,0,0,0
1531,0,0,0,283,0,2166,0,0,0,0,0,0
1532,0,0,0,199,0,1731,0,0,0,0,0,0
1533,0,0,0,224,0,1827,0,0,0,0,0,0
1534,0,0,0,181,0,1175,0,0,0,0,0,0
1535,0,0,0,269,0,2545,0,0,0,0,0,0
1536,1407,0,0,0,0,1960,0,0,593,0,0,0
1537,1996,0,0,0,0,2704,0,0,792,0,0,0
1538,1176,0,0,0,0,1599,0,0,470,0,0,0
1539,1325,0,0,0,0,1724,0,0,583,0,0,0
1540,1361,0,0,0,0,1764,0,0,565,0,0,0
1541,1279,0,0,0,0,1779,0,0,565,0,0,0
1542,1539,0,0,0,0,1986,0,0,669,0,0,0
1543,1673,0,0,0,0,2166,0,0,701,0,0,0
1544,1240,0,0,0,0,1731,0,0,556,0,0,0
1545,1430,0,0,0,0,1827,0,0,620,0,0,0
1546,1030,0,0,0,0,1175,0,0,442,0,0,0
1547,1891,0,0,0,0,2545,0,0,846,0,0,0
1548,1407,1160,0,0,0,1960,0,590,593,0,0,0
1549,1996,1660,0,0,0,2704,0,782,792,0,0,0
1550,1176,992,0,0,0,1599,0,492,470,0,0,0
1551,1325,1079,0,0,0,1724,0,533,583,0,0,0
1552,1361,1159,0,0,0,1764,0,601,565,0,0,0
1553,1279,1038,0,0,0,1779,0,561,565,0,0,0
1554,1539,1286,0,0,0,1986,0,629,669,0,0,0
1555,1673,1384,0,0,0,2166,0,706,701,0,0,0
1556,1240,1061,0,0,0,1731,0,562,556,0,0,0
1557,1430,1204,0,0,0,1827,0,634,620,0,0,0
1558,1030,834,0,0,0,1175,0,412,442,0,0,0
1559,1891,1612,0,0,0,2545,0,836,846,0,0,0
1560,1407,1160,0,0,0,0,0,0,0,0,0,0
1561,1996,1660,0,0,0,0,0,0,0,0,0,0
1562,1176,992,0,0,0,0,0,0,0,0,0,0
1563,1325,1079,0,0,0,0,0,0,0,0,0,0
1564,1361,1159,0,0,0,0,0,0,0,0,0,0
1565,1279,1038,0,0,0,0,0,0,0,0,0,0
1566,1539,1286,0,0,0,0,0,0,0,0,0,0
1567,1673,1384,0,0,0,0,0,0,0,0,0,0
1568,1240,1061,0,0,0,0,0,0,0,0,0,0
1569,1430,1204,0,0,0,0,0,0,0,0,0,0
1570,1030,834,0,0,0,0,0,0,0,0,0,0
1571,1891,1612,0,0,0,0,0,0,0,0,0,0
1572,0,1160,0,0,0,1960,0,590,0,0,0,0
1573,0,1660,0,0,0,2704,0,782,0,0,0,0
1574,0,992,0,0,0,1599,0,492,0,0,0,0
1575,0,1079,0,0,0,1724,0,533,0,0,0,0
1576,0,1159,0,0,0,1764,0,601,0,0,0,0
1577,0,1038,0,0,0,1779,0,561,0,0,0,0
1578,0,1286,0,0,0,1986,0,629,0,0,0,0
1579,0,1384,0,0,0,2166,0,706,0,0,0,0
1580,0,1061,0,0,0,1731,0,562,0,0,0,0
1581,0,1204,0,0,0,1827,0,634,0,0,0,0
1582,0,834,0,0,0,1175,0,412,0,0,0,0
1583,0,1612,0,0,0,2545,0,836,0,0,0,0
1584,1407,1160,0,0,0,1960,0,0,0,0,677,0
1585,1996,1660,0,0,0,2704,0,0,0,0,899,0
1586,1176,992,0,0,0,1599,0,0,0,0,557,0
1587,1325,1079,0,0,0,1724,0,0,0,0,696,0
1588,1361,1159,0,0,0,1764,0,0,0,0,669,0
1589,1279,1038,0,0,0,1779,0,0,0,0,651,0
1590,1539,1286,0,0,0,1986,0,0,0,0,715,0
1591,1673,1384,0,0,0,2166,0,0,0,0,776,0
1592,1240,1061,0,0,0,1731,0,0,0,0,609,0
1593,1430,1204,0,0,0,1827,0,0,0,0,695,0
1594,1030,834,0,0,0,1175,0,0,0,0,513,0
1595,1891,1612,0,0,0,2545,0,0,0,0,942,0
1596,1407,0,0,0,0,1960,0,0,0,0,0,0
1597,1996,0,0,0,0,2704,0,0,0,0,0,0
1598,1176,0,0,0,0,1599,0,0,0,0,0,0
1599,1325,0,0,0,0,1724,0,0,0,0,0,0
1600,1361,0,0,0,0,1764,0,0,0,0,0,0
1601,1279,0,0,0,0,1779,0,0,0,0,0,0
1602,1539,0,0,0,0,1986,0,0,0,0,0,0
1603,1673,0,0,0,0,2166,0,0,0,0,0,0
1604,1240,0,0,0,0,1731,0,0,0,0,0,0
1605,1430,0,0,0,0,1827,0,0,0,0,0,0
1606,1030,0,0,0,0,1175,0,0,0,0,0,0
1607,1891,0,0,0,0,2545,0,0,0,0,0,0
1608,0,1160,0,0,0,0,0,0,0,0,0,0
1609,0,1660,0,0,0,0,0,0,0,0,0,0
1610,0,992,0,0,0,0,0,0,0,0,0,0
1611,0,1079,0,0,0,0,0,0,0,0,0,0
1612,0,1159,0,0,0,0,0,0,0,0,0,0
1613,0,1038,0,0,0,0,0,0,0,0,0,0
1614,0,1286,0,0,0,0,0,0,0,0,0,0
1615,0,1384,0,0,0,0,0,0,0,0,0,0
1616,0,1061,0,0,0,0,0,0,0,0,0,0
1617,0,1204,0,0,0,0,0,0,0,0,0,0
1618,0,834,0,0,0,0,0,0,0,0,0,0
1619,0,1612,0,0,0,0,0,0,0,0,0,0
1620,0,0,128,0,0,1960,0,0,593,0,0,0
1621,0,0,163,0,0,2704,0,0,792,0,0,0
1622,0,0,112,0,0,1599,0,0,470,0,0,0
1623,0,0,104,0,0,1724,0,0,583,0,0,0
1624,0,0,109,0,0,1764,0,0,565,0,0,0
1625,0,0,121,0,0,1779,0,0,565,0,0,0
1626,0,0,119,0,0,1986,0,0,669,0,0,0
1627,0,0,150,0,0,2166,0,0,701,0,0,0
1628,0,0,120,0,0,1731,0,0,556,0,0,0
1629,0,0,141,0,0,1827,0,0,620,0,0,0
1630,0,0,82,0,0,1175,0,0,442,0,0,0
1631,0,0,186,0,0,2545,0,0,846,0,0,0
1632,0,0,0,0,0,0,0,0,0,110,0,0
1633,0,0,0,0,0,0,0,0,0,143,0,0
1634,0,0,0,0,0,0,0,0,0,83,0,0
1635,0,0,0,0,0,0,0,0,0,101,0,0
1636,0,0,0,0,0,0,0,0,0,92,0,0
1637,0,0,0,0,0,0,0,0,0,81,0,0
1638,0,0,0,0,0,0,0,0,0,107,0,0
1639,0,0,0,0,0,0,0,0,0,113,0,0
1640,0,0,0,0,0,0,0,0,0,83,0,0
1641,0,0,0,0,0,0,0,0,0,103,0,0
1642,0,0,0,0,0,0,0,0,0,81,0,0
1643,0,0,0,0,0,0,0,0,0,141,0,0
1644,0,0,0,0,0,1960,0,590,0,0,0,0
1645,0,0,0,0,0,2704,0,782,0,0,0,0
1646,0,0,0,0,0,1599,0,492,0,0,0,0
1647,0,0,0,0,0,1724,0,533,0,0,0,0
1648,0,0,0,0,0,1764,0,601,0,0,0,0
1649,0,0,0,0,0,1779,0,561,0,0,0,0
1650,0,0,0,0,0,1986,0,629,0,0,0,0
1651,0,0,0,0,0,2166,0,706,0,0,0,0
1652,0,0,0,0,0,1731,0,562,0,0,0,0
1653,0,0,0,0,0,1827,0,634,0,0,0,0
1654,0,0,0,0,0,1175,0,412,0,0,0,0
1655,0,0,0,0,0,2545,0,836,0,0,0,0
1656,1407,0,0,225,0,0,0,590,0,0,677,0
1657,1996,0,0,286,0,0,0,782,0,0,899,0
1658,1176,0,0,142,0,0,0,492,0,0,557,0
1659,1325,0,0,225,0,0,0,533,0,0,696,0
1660,1361,0,0,224,0,0,0,601,0,0,669,0
1661,1279,0,0,236,0,0,0,561,0,0,651,0
1662,1539,0,0,247,0,0,0,629,0,0,715,0
1663,1673,0,0,283,0,0,0,706,0,0,776,0
1664,1240,0,0,199,0,0,0,562,0,0,609,0
1665,1430,0,0,224,0,0,0,634,0,0,695,0
1666,1030,0,0,181,0,0,0,412,0,0,513,0
1667,1891,0,0,269,0,0,0,836,0,0,942,0
1668,1407,1160,0,0,0,0,0,0,0,0,0,0
1669,1996,1660,0,0,0,0,0,0,0,0,0,0
1670,1176,992,0,0,0,0,0,0,0,0,0,0
1671,1325,1079,0,0,0,0,0,0,0,0,0,0
1672,1361,1159,0,0,0,0,0,0,0,0,0,0
1673,1279,1038,0,0,0,0,0,0,0,0,0,0
1674,1539,1286,0,0,0,0,0,0,0,0,0,0
1675,1673,1384,0,0,0,0,0,0,0,0,0,0
1676,1240,1061,0,0,0,0,0,0,0,0,0,0
1677,1430,1204,0,0,0,0,0,0,0,0,0,0
1678,1030,834,0,0,0,0,0,0,0,0,0,0
1679,1891,1612,0,0,0,0,0,0,0,0,0,0
1680,1407,0,0,0,0,1960,0,0,0,0,0,0
1681,1996,0,0,0,0,2704,0,0,0,0,0,0
1682,1176,0,0,0,0,1599,0,0,0,0,0,0
1683,1325,0,0,0,0,1724,0,0,0,0,0,0
1684,1361,0,0,0,0,1764,0,0,0,0,0,0
1685,1279,0,0,0,0,1779,0,0,0,0,0,0
1686,1539,0,0,0,0,1986,0,0,0,0,0,0
1687,1673,0,0,0,0,2166,0,0,0,0,0,0
1688,1240,0,0,0,0,1731,0,0,0,0,0,0
1689,1430,0,0,0,0,1827,0,0,0,0,0,0
1690,1030,0,0,0,0,1175,0,0,0,0,0,0
1691,1891,0,0,0,0,2545,0,0,0,0,0,0
1692,1407,1160,0,0,0,0,0,0,0,0,0,0
1693,1996,1660,0,0,0,0,0,0,0,0,0,0
1694,1176,992,0,0,0,0,0,0,0,0,0,0
1695,1325,1079,0,0,0,0,0,0,0,0,0,0
1696,1361,1159,0,0,0,0,0,0,0,0,0,0
1697,1279,1038,0,0,0,0,0,0,0,0,0,0
1698,1539,1286,0,0,0,0,0,0,0,0,0,0
1699,1673,1384,0,0,0,0,0,0,0,0,0,0
1700,1240,1061,0,0,0,0,0,0,0,0,0,0
1701,1430,1204,0,0,0,0,0,0,0,0,0,0
1702,1030,834,0,0,0,0,0,0,0,0,0,0
1703,1891,1612,0,0,0,0,0,0,0,0,0,0
1704,0,1160,0,0,0,1960,0,0,0,0,0,0
1705,0,1660,0,0,0,2704,0,0,0,0,0,0
1706,0,992,0,0,0,1599,0,0,0,0,0,0
1707,0,1079,0,0,0,1724,0,0,0,0,0,0
1708,0,1159,0,0,0,1764,0,0,0,0,0,0
1709,0,1038,0,0,0,1779,0,0,0,0,0,0
1710,0,1286,0,0,0,1986,0,0,0,0,0,0
1711,0,1384,0,0,0,2166,0,0,0,0,0,0
1712,0,1061,0,0,0,1731,0,0,0,0,0,0
1713,0,1204,0,0,0,1827,0,0,0,0,0,0
1714,0,834,0,0,0,1175,0,0,0,0,0,0
1715,0,1612,0,0,0,2545,0,0,0,0,0,0
1716,1407,1160,0,0,0,1960,0,0,0,0,0,0
1717,1996,1660,0,0,0,2704,0,0,0,0,0,0
1718,1176,992,0,0,0,1599,0,0,0,0,0,0
1719,1325,1079,0,0,0,1724,0,0,0,0,0,0
1720,1361,1159,0,0,0,1764,0,0,0,0,0,0
1721,1279,1038,0,0,0,1779,0,0,0,0,0,0
1722,1539,1286,0,0,0,1986,0,0,0,0,0,0
1723,1673,1384,0,0,0,2166,0,0,0,0,0,0
1724,1240,1061,0,0,0,1731,0,0,0,0,0,0
1725,1430,1204,0,0,0,1827,0,0,0,0,0,0
1726,1030,834,0,0,0,1175,0,0,0,0,0,0
1727,1891,1612,0,0,0,2545,0,0,0,0,0,0
1728,1407,1160,0,0,0,1960,0,590,0,0,0,0
1729,1996,1660,0,0,0,2704,0,782,0,0,0,0
1730,1176,992,0,0,0,1599,0,492,0,0,0,0
1731,1325,1079,0,0,0,1724,0,533,0,0,0,0
1732,1361,1159,0,0,0,1764,0,601,0,0,0,0
1733,1279,1038,0,0,0,1779,0,561,0,0,0,0
1734,1539,1286,0,0,0,1986,0,629,0,0,0,0
1735,1673,1384,0,0,0,2166,0,706,0,0,0,0
1736,1240,1061,0,0,0,1731,0,562,0,0,0,0
1737,1430,1204,0,0,0,1827,0,634,0,0,0,0
1738,1030,834,0,0,0,1175,0,412,0,0,0,0
1739,1891,1612,0,0,0,2545,0,836,0,0,0,0
1740,0,1160,0,0,0,0,0,0,0,0,0,0
1741,0,1660,0,0,0,0,0,0,0,0,0,0
1742,0,992,0,0,0,0,0,0,0,0,0,0
1743,0,1079,0,0,0,0,0,0,0,0,0,0
1744,0,1159,0,0,0,0,0,0,0,0,0,0
1745,0,1038,0,0,0,0,0,0,0,0,0,0
1746,0,1286,0,0,0,0,0,0,0,0,0,0
1747,0,1384,0,0,0,0,0,0,0,0,0,0
1748,0,1061,0,0,0,0,0,0,0,0,0,0
1749,0,1204,0,0,0,0,0,0,0,0,0,0
1750,0,834,0,0,0,0,0,0,0,0,0,0
1751,0,1612,0,0,0,0,0,0,0,0,0,0
1752,1407,0,0,0,0,0,0,0,0,0,0,0
1753,1996,0,0,0,0,0,0,0,0,0,0,0
1754,1176,0,0,0,0,0,0,0,0,0,0,0
1755,1325,0,0,0,0,0,0,0,0,0,0,0
1756,1361,0,0,0,0,0,0,0,0,0,0,0
1757,1279,0,0,0,0,0,0,0,0,0,0,0
1758,1539,0,0,0,0,0,0,0,0,0,0,0
1759,1673,0,0,0,0,0,0,0,0,0,0,0
1760,1240,0,0,0,0,0,0,0,0,0,0,0
1761,1430,0,0,0,0,0,0,0,0,0,0,0
1762,1030,0,0,0,0,0,0,0,0,0,0,0
1763,1891,0,0,0,0,0,0,0,0,0,0,0
1764,1407,1160,0,0,0,0,0,0,0,0,0,0
1765,1996,1660,0,0,0,0,0,0,0,0,0,0
1766,1176,992,0,0,0,0,0,0,0,0,0,0
1767,1325,1079,0,0,0,0,0,0,0,0,0,0
1768,1361,1159,0,0,0,0,0,0,0,0,0,0
1769,1279,1038,0,0,0,0,0,0,0,0,0,0
1770,1539,1286,0,0,0,0,0,0,0,0,0,0
1771,1673,1384,0,0,0,0,0,0,0,0,0,0
1772,1240,1061,0,0,0,0,0,0,0,0,0,0
1773,1430,1204,0,0,0,0,0,0,0,0,0,0
1774,1030,834,0,0,0,0,0,0,0,0,0,0
1775,1891,1612,0,0,0,0,0,0,0,0,0,0
1776,1407,0,128,0,0,0,0,0,0,0,0,0
1777,1996,0,163,0,0,0,0,0,0,0,0,0
1778,1176,0,112,0,0,0,0,0,0,0,0,0
1779,1325,0,104,0,0,0,0,0,0,0,0,0
1780,1361,0,109,0,0,0,0,0,0,0,0,0
1781,1279,0,121,0,0,0,0,0,0,0,0,0
1782,1539,0,119,0,0,0,0,0,0,0,0,0
1783,1673,0,150,0,0,0,0,0,0,0,0,0
1784,1240,0,120,0,0,0,0,0,0,0,0,0
1785,1430,0,141,0,0,0,0,0,0,0,0,0
1786,1030,0,82,0,0,0,0,0,0,0,0,0
1787,1891,0,186,0,0,0,0,0,0,0,0,0
1788,1407,0,0,0,0,0,0,0,0,0,0,0
1789,1996,0,0,0,0,0,0,0,0,0,0,0
1790,1176,0,0,0,0,0,0,0,0,0,0,0
1791,1325,0,0,0,0,0,0,0,0,0,0,0
1792,1361,0,0,0,0,0,0,0,0,0,0,0
1793,1279,0,0,0,0,0,0,0,0,0,0,0
1794,1539,0,0,0,0,0,0,0,0,0,0,0
1795,1673,0,0,0,0,0,0,0,0,0,0,0
1796,1240,0,0,0,0,0,0,0,0,0,0,0
1797,1430,0,0,0,0,0,0,0,0,0,0,0
1798,1030,0,0,0,0,0,0,0,0,0,0,0
1799,1891,0,0,0,0,0,0,0,0,0,0,0
1800,1407,0,0,225,0,1960,0,590,0,0,0,0
1801,1996,0,0,286,0,2704,0,782,0,0,0,0
1802,1176,0,0,142,0,1599,0,492,0,0,0,0
1803,1325,0,0,225,0,1724,0,533,0,0,0,0
1804,1361,0,0,224,0,1764,0,601,0,0,0,0
1805,1279,0,0,236,0,1779,0,561,0,0,0,0
1806,1539,0,0,247,0,1986,0,629,0,0,0,0
1807,1673,0,0,283,0,2166,0,706,0,0,0,0
1808,1240,0,0,199,0,1731,0,562,0,0,0,0
1809,1430,0,0,224,0,1827,0,634,0,0,0,0
1810,1030,0,0,181,0,1175,0,412,0,0,0,0
1811,1891,0,0,269,0,2545,0,836,0,0,0,0
1812,0,0,0,0,0,1960,0,590,0,0,677,0
1813,0,0,0,0,0,2704,0,782,0,0,899,0
1814,0,0,0,0,0,1599,0,492,0,0,557,0
1815,0,0,0,0,0,1724,0,533,0,0,696,0
1816,0,0,0,0,0,1764,0,601,0,0,669,0
1817,0,0,0,0,0,1779,0,561,0,0,651,0
1818,0,0,0,0,0,1986,0,629,0,0,715,0
1819,0,0,0,0,0,2166,0,706,0,0,776,0
1820,0,0,0,0,0,1731,0,562,0,0,609,0
1821,0,0,0,0,0,1827,0,634,0,0,695,0
1822,0,0,0,0,0,1175,0,412,0,0,513,0
1823,0,0,0,0,0,2545,0,836,0,0,942,0
1824,1407,1160,128,0,0,1960,0,0,593,0,0,0
1825,1996,1660,163,0,0,2704,0,0,792,0,0,0
1826,1176,992,112,0,0,1599,0,0,470,0,0,0
1827,1325,1079,104,0,0,1724,0,0,583,0,0,0
1828,1361,1159,109,0,0,1764,0,0,565,0,0,0
1829,1279,1038,121,0,0,1779,0,0,565,0,0,0
1830,1539,1286,119,0,0,1986,0,0,669,0,0,0
1831,1673,1384,150,0,0,2166,0,0,701,0,0,0
1832,1240,1061,120,0,0,1731,0,0,556,0,0,0
1833,1430,1204,141,0,0,1827,0,0,620,0,0,0
1834,1030,834,82,0,0,1175,0,0,442,0,0,0
1835,1891,1612,186,0,0,2545,0,0,846,0,0,0
1836,0,0,0,225,0,1960,0,0,593,0,0,0
1837,0,0,0,286,0,2704,0,0,792,0,0,0
1838,0,0,0,142,0,1599,0,0,470,0,0,0
1839,0,0,0,225,0,1724,0,0,583,0,0,0
1840,0,0,0,224,0,1764,0,0,565,0,0,0
1841,0,0,0,236,0,1779,0,0,565,0,0,0
1842,0,0,0,247,0,1986,0,0,669,0,0,0
1843,0,0,0,283,0,2166,0,0,701,0,0,0
1844,0,0,0,199,0,1731,0,0,556,0,0,0
1845,0,0,0,224,0,1827,0,0,620,0,0,0
1846,0,0,0,181,0,1175,0,0,442,0,0,0
1847,0,0,0,269,0,2545,0,0,846,0,0,0
1848,0,1160,0,0,0,1960,0,0,0,0,677,0
1849,0,1660,0,0,0,2704,0,0,0,0,899,0
1850,0,992,0,0,0,1599,0,0,0,0,557,0
1851,0,1079,0,0,0,1724,0,0,0,0,696,0
1852,0,1159,0,0,0,1764,0,0,0,0,669,0
1853,0,1038,0,0,0,1779,0,0,0,0,651,0
1854,0,1286,0,0,0,1986,0,0,0,0,715,0
1855,0,1384,0,0,0,2166,0,0,0,0,776,0
1856,0,1061,0,0,0,1731,0,0,0,0,609,0
1857,0,1204,0,0,0,1827,0,0,0,0,695,0
1858,0,834,0,0,0,1175,0,0,0,0,513,0
1859,0,1612,0,0,0,2545,0,0,0,0,942,0
1860,1407,1160,0,0,0,1960,0,0,0,0,0,0
1861,1996,1660,0,0,0,2704,0,0,0,0,0,0
1862,1176,992,0,0,0,1599,0,0,0,0,0,0
1863,1325,1079,0,0,0,1724,0,0,0,0,0,0
1864,1361,1159,0,0,0,1764,0,0,0,0,0,0
1865,1279,1038,0,0,0,1779,0,0,0,0,0,0
1866,1539,1286,0,0,0,1986,0,0,0,0,0,0
1867,1673,1384,0,0,0,2166,0,0,0,0,0,0
1868,1240,1061,0,0,0,1731,0,0,0,0,0,0
1869,1430,1204,0,0,0,1827,0,0,0,0,0,0
1870,1030,834,0,0,0,1175,0,0,0,0,0,0
1871,1891,1612,0,0,0,2545,0,0,0,0,0,0
1872,1407,0,128,0,0,1960,0,0,0,0,0,0
1873,1996,0,163,0,0,2704,0,0,0,0,0,0
1874,1176,0,112,0,0,1599,0,0,0,0,0,0
1875,1325,0,104,0,0,1724,0,0,0,0,0,0
1876,1361,0,109,0,0,1764,0,0,0,0,0,0
1877,1279,0,121,0,0,1779,0,0,0,0,0,0
1878,1539,0,119,0,0,1986,0,0,0,0,0,0
1879,1673,0,150,0,0,2166,0,0,0,0,0,0
1880,1240,0,120,0,0,1731,0,0,0,0,0,0
1881,1430,0,141,0,0,1827,0,0,0,0,0,0
1882,1030,0,82,0,0,1175,0,0,0,0,0,0
1883,1891,0,186,0,0,2545,0,0,0,0,0,0
1884,0,1160,0,0,0,1960,0,0,593,0,0,0
1885,0,1660,0,0,0,2704,0,0,792,0,0,0
1886,0,992,0,0,0,1599,0,0,470,0,0,0
1887,0,1079,0,0,0,1724,0,0,583,0,0,0
1888,0,1159,0,0,0,1764,0,0,565,0,0,0
1889,0,1038,0,0,0,1779,0,0,565,0,0,0
1890,0,1286,0,0,0,1986,0,0,669,0,0,0
1891,0,1384,0,0,0,2166,0,0,701,0,0,0
1892,0,1061,0,0,0,1731,0,0,556,0,0,0
1893,0,1204,0,0,0,1827,0,0,620,0,0,0
1894,0,834,0,0,0,1175,0,0,442,0,0,0
1895,0,1612,0,0,0,2545,0,0,846,0,0,0
1896,1407,0,0,0,0,1960,0,0,0,0,0,0
1897,1996,0,0,0,0,2704,0,0,0,0,0,0
1898,1176,0,0,0,0,1599,0,0,0,0,0,0
1899,1325,0,0,0,0,1724,0,0,0,0,0,0
1900,1361,0,0,0,0,1764,0,0,0,0,0,0
1901,1279,0,0,0,0,1779,0,0,0,0,0,0
1902,1539,0,0,0,0,1986,0,0,0,0,0,0
1903,1673,0,0,0,0,2166,0,0,0,0,0,0
1904,1240,0,0,0,0,1731,0,0,0,0,0,0
1905,1430,0,0,0,0,1827,0,0,0,0,0,0
1906,1030,0,0,0,0,1175,0,0,0,0,0,0
1907,1891,0,0,0,0,2545,0,0,0,0,0,0
1908,0,1160,0,0,0,1960,0,0,0,0,0,0
1909,0,1660,0,0,0,2704,0,0,0,0,0,0
1910,0,992,0,0,0,1599,0,0,0,0,0,0
1911,0,1079,0,0,0,1724,0,0,0,0,0,0
1912,0,1159,0,0,0,1764,0,0,0,0,0,0
1913,0,1038,0,0,0,1779,0,0,0,0,0,0
1914,0,1286,0,0,0,1986,0,0,0,0,0,0
1915,0,1384,0,0,0,2166,0,0,0,0,0,0
1916,0,1061,0,0,0,1731,0,0,0,0,0,0
1917,0,1204,0,0,0,1827,0,0,0,0,0,0
1918,0,834,0,0,0,1175,0,0,0,0,0,0
1919,0,1612,0,0,0,2545,0,0,0,0,0,0
1920,0,1160,0,0,0,1960,0,590,0,0,0,0
1921,0,1660,0,0,0,2704,0,782,0,0,0,0
1922,0,992,0,0,0,1599,0,492,0,0,0,0
1923,0,1079,0,0,0,1724,0,533,0,0,0,0
1924,0,1159,0,0,0,1764,0,601,0,0,0,0
1925,0,1038,0,0,0,1779,0,561,0,0,0,0
1926,0,1286,0,0,0,1986,0,629,0,0,0,0
1927,0,1384,0,0,0,2166,0,706,0,0,0,0
1928,0,1061,0,0,0,1731,0,562,0,0,0,0
1929,0,1204,0,0,0,1827,0,634,0,0,0,0
1930,0,834,0,0,0,1175,0,412,0,0,0,0
1931,0,1612,0,0,0,2545,0,836,0,0,0,0
1932,1407,0,0,0,0,0,0,590,0,0,0,0
1933,1996,0,0,0,0,0,0,782,0,0,0,0
1934,1176,0,0,0,0,0,0,492,0,0,0,0
1935,1325,0,0,0,0,0,0,533,0,0,0,0
1936,1361,0,0,0,0,0,0,601,0,0,0,0
1937,1279,0,0,0,0,0,0,561,0,0,0,0
1938,1539,0,0,0,0,0,0,629,0,0,0,0
1939,1673,0,0,0,0,0,0,706,0,0,0,0
1940,1240,0,0,0,0,0,0,562,0,0,0,0
1941,1430,0,0,0,0,0,0,634,0,0,0,0
1942,1030,0,0,0,0,0,0,412,0,0,0,0
1943,1891,0,0,0,0,0,0,836,0,0,0,0
1944,0,0,0,0,0,1960,0,0,0,0,677,0
1945,0,0,0,0,0,2704,0,0,0,0,899,0
1946,0,0,0,0,0,1599,0,0,0,0,557,0
1947,0,0,0,0,0,1724,0,0,0,0,696,0
1948,0,0,0,0,0,1764,0,0,0,0,669,0
1949,0,0,0,0,0,1779,0,0,0,0,651,0
1950,0,0,0,0,0,1986,0,0,0,0,715,0
1951,0,0,0,0,0,2166,0,0,0,0,776,0
1952,0,0,0,0,0,1731,0,0,0,0,609,0
1953,0,0,0,0,0,1827,0,0,0,0,695,0
1954,0,0,0,0,0,1175,0,0,0,0,513,0
1955,0,0,0,0,0,2545,0,0,0,0,942,0
1956,1407,1160,128,0,0,1960,44,0,0,0,0,0
1957,1996,1660,163,0,0,2704,56,0,0,0,0,0
1958,1176,992,112,0,0,1599,38,0,0,0,0,0
1959,1325,1079,104,0,0,1724,61,0,0,0,0,0
1960,1361,1159,109,0,0,1764,50,0,0,0,0,0
1961,1279,1038,121,0,0,1779,53,0,0,0,0,0
1962,1539,1286,119,0,0,1986,60,0,0,0,0,0
1963,1673,1384,150,0,0,2166,66,0,0,0,0,0
1964,1240,1061,120,0,0,1731,60,0,0,0,0,0
1965,1430,1204,141,0,0,1827,61,0,0,0,0,0
1966,1030,834,82,0,0,1175,49,0,0,0,0,0
1967,1891,1612,186,0,0,2545,88,0,0,0,0,0
1968,1407,0,0,0,0,0,0,0,0,0,0,0
1969,1996,0,0,0,0,0,0,0,0,0,0,0
1970,1176,0,0,0,0,0,0,0,0,0,0,0
1971,1325,0,0,0,0,0,0,0,0,0,0,0
1972,1361,0,0,0,0,0,0,0,0,0,0,0
1973,1279,0,0,0,0,0,0,0,0,0,0,0
1974,1539,0,0,0,0,0,0,0,0,0,0,0
1975,1673,0,0,0,0,0,0,0,0,0,0,0
1976,1240,0,0,0,0,0,0,0,0,0,0,0
1977,1430,0,0,0,0,0,0,0,0,0,0,0
1978,1030,0,0,0,0,0,0,0,0,0,0,0
1979,1891,0,0,0,0,0,0,0,0,0,0,0
1980,1407,0,0,0,0,0,0,0,0,0,0,0
1981,1996,0,0,0,0,0,0,0,0,0,0,0
1982,1176,0,0,0,0,0,0,0,0,0,0,0
1983,1325,0,0,0,0,0,0,0,0,0,0,0
1984,1361,0,0,0,0,0,0,0,0,0,0,0
1985,1279,0,0,0,0,0,0,0,0,0,0,0
1986,1539,0,0,0,0,0,0,0,0,0,0,0
1987,1673,0,0,0,0,0,0,0,0,0,0,0
1988,1240,0,0,0,0,0,0,0,0,0,0,0
1989,1430,0,0,0,0,0,0,0,0,0,0,0
1990,1030,0,0,0,0,0,0,0,0,0,0,0
1991,1891,0,0,0,0,0,0,0,0,0,0,0
1992,1407,1160,0,0,0,0,0,0,0,0,0,0
1993,1996,1660,0,0,0,0,0,0,0,0,0,0
1994,1176,992,0,0,0,0,0,0,0,0,0,0
1995,1325,1079,0,0,0,0,0,0,0,0,0,0
1996,1361,1159,0,0,0,0,0,0,0,0,0,0
1997,1279,1038,0,0,0,0,0,0,0,0,0,0
1998,1539,1286,0,0,0,0,0,0,0,0,0,0
1999,1673,1384,0,0,0,0,0,0,0,0,0,0
2000,1240,1061,0,0,0,0,0,0,0,0,0,0
2001,1430,1204,0,0,0,0,0,0,0,0,0,0
2002,1030,834,0,0,0,0,0,0,0,0,0,0
2003,1891,1612,0,0,0,0,0,0,0,0,0,0
2004,0,1160,0,0,0,1960,0,590,0,0,0,0
2005,0,1660,0,0,0,2704,0,782,0,0,0,0
2006,0,992,0,0,0,1599,0,492,0,0,0,0
2007,0,1079,0,0,0,1724,0,533,0,0,0,0
2008,0,1159,0,0,0,1764,0,601,0,0,0,0
2009,0,1038,0,0,0,1779,0,561,0,0,0,0
2010,0,1286,0,0,0,1986,0,629,0,0,0,0
2011,0,1384,0,0,0,2166,0,706,0,0,0,0
2012,0,1061,0,0,0,1731,0,562,0,0,0,0
2013,0,1204,0,0,0,1827,0,634,0,0,0,0
2014,0,834,0,0,0,1175,0,412,0,0,0,0
2015,0,1612,0,0,0,2545,0,836,0,0,0,0
2016,1407,1160,0,0,0,0,0,0,0,0,0,0
2017,1996,1660,0,0,0,0,0,0,0,0,0,0
2018,1176,992,0,0,0,0,0,0,0,0,0,0
2019,1325,1079,0,0,0,0,0,0,0,0,0,0
2020,1361,1159,0,0,0,0,0,0,0,0,0,0
2021,1279,1038,0,0,0,0,0,0,0,0,0,0
2022,1539,1286,0,0,0,0,0,0,0,0,0,0
2023,1673,1384,0,0,0,0,0,0,0,0,0,0
2024,1240,1061,0,0,0,0,0,0,0,0,0,0
2025,1430,1204,0,0,0,0,0,0,0,0,0,0
2026,1030,834,0,0,0,0,0,0,0,0,0,0
2027,1891,1612,0,0,0,0,0,0,0,0,0,0
2028,0,1160,0,0,0,0,0,590,0,0,0,0
2029,0,1660,0,0,0,0,0,782,0,0,0,0
2030,0,992,0,0,0,0,0,492,0,0,0,0
2031,0,1079,0,0,0,0,0,533,0,0,0,0
2032,0,1159,0,0,0,0,0,601,0,0,0,0
2033,0,1038,0,0,0,0,0,561,0,0,0,0
2034,0,1286,0,0,0,0,0,629,0,0,0,0
2035,0,1384,0,0,0,0,0,706,0,0,0,0
2036,0,1061,0,0,0,0,0,562,0,0,0,0
2037,0,1204,0,0,0,0,0,634,0,0,0,0
2038,0,834,0,0,0,0,0,412,0,0,0,0
2039,0,1612,0,0,0,0,0,836,0,0,0,0
2040,1407,1160,0,0,0,0,0,0,0,0,0,0
2041,1996,1660,0,0,0,0,0,0,0,0,0,0
2042,1176,992,0,0,0,0,0,0,0,0,0,0
2043,1325,1079,0,0,0,0,0,0,0,0,0,0
2044,1361,1159,0,0,0,0,0,0,0,0,0,0
2045,1279,1038,0,0,0,0,0,0,0,0,0,0
2046,1539,1286,0,0,0,0,0,0,0,0,0,0
2047,1673,1384,0,0,0,0,0,0,0,0,0,0
2048,1240,1061,0,0,0,0,0,0,0,0,0,0
2049,1430,1204,0,0,0,0,0,0,0,0,0,0
2050,1030,834,0,0,0,0,0,0,0,0,0,0
2051,1891,1612,0,0,0,0,0,0,0,0,0,0
2052,0,1160,0,225,0,1960,0,590,0,0,0,0
2053,0,1660,0,286,0,2704,0,782,0,0,0,0
2054,0,992,0,142,0,1599,0,492,0,0,0,0
2055,0,1079,0,225,0,1724,0,533,0,0,0,0
2056,0,1159,0,224,0,1764,0,601,0,0,0,0
2057,0,1038,0,236,0,1779,0,561,0,0,0,0
2058,0,1286,0,247,0,1986,0,629,0,0,0,0
2059,0,1384,0,283,0,2166,0,706,0,0,0,0
2060,0,1061,0,199,0,1731,0,562,0,0,0,0
2061,0,1204,0,224,0,1827,0,634,0,0,0,0
2062,0,834,0,181,0,1175,0,412,0,0,0,0
2063,0,1612,0,269,0,2545,0,836,0,0,0,0
2064,1407,0,0,0,0,0,0,0,0,0,0,0
2065,1996,0,0,0,0,0,0,0,0,0,0,0
2066,1176,0,0,0,0,0,0,0,0,0,0,0
2067,1325,0,0,0,0,0,0,0,0,0,0,0
2068,1361,0,0,0,0,0,0,0,0,0,0,0
2069,1279,0,0,0,0,0,0,0,0,0,0,0
2070,1539,0,0,0,0,0,0,0,0,0,0,0
2071,1673,0,0,0,0,0,0,0,0,0,0,0
2072,1240,0,0,0,0,0,0,0,0,0,0,0
2073,1430,0,0,0,0,0,0,0,0,0,0,0
2074,1030,0,0,0,0,0,0,0,0,0,0,0
2075,1891,0,0,0,0,0,0,0,0,0,0,0
2076,0,1160,0,0,0,1960,0,0,0,0,0,0
2077,0,1660,0,0,0,2704,0,0,0,0,0,0
2078,0,992,0,0,0,1599,0,0,0,0,0,0
2079,0,1079,0,0,0,1724,0,0,0,0,0,0
2080,0,1159,0,0,0,1764,0,0,0,0,0,0
2081,0,1038,0,0,0,1779,0,0,0,0,0,0
2082,0,1286,0,0,0,1986,0,0,0,0,0,0
2083,0,1384,0,0,0,2166,0,0,0,0,0,0
2084,0,1061,0,0,0,1731,0,0,0,0,0,0
2085,0,1204,0,0,0,1827,0,0,0,0,0,0
2086,0,834,0,0,0,1175,0,0,0,0,0,0
2087,0,1612,0,0,0,2545,0,0,0,0,0,0
2088,0,1160,0,0,0,1960,0,590,0,0,0,0
2089,0,1660,0,0,0,2704,0,782,0,0,0,0
2090,0,992,0,0,0,1599,0,492,0,0,0,0
2091,0,1079,0,0,0,1724,0,533,0,0,0,0
2092,0,1159,0,0,0,1764,0,601,0,0,0,0
2093,0,1038,0,0,0,1779,0,561,0,0,0,0
2094,0,1286,0,0,0,1986,0,629,0,0,0,0
2095,0,1384,0,0,0,2166,0,706,0,0,0,0
2096,0,1061,0,0,0,1731,0,562,0,0,0,0
2097,0,1204,0,0,0,1827,0,634,0,0,0,0
2098,0,834,0,0,0,1175,0,412,0,0,0,0
2099,0,1612,0,0,0,2545,0,836,0,0,0,0
2100,1407,1160,0,0,0,1960,0,0,0,0,0,0
2101,1996,1660,0,0,0,2704,0,0,0,0,0,0
2102,1176,992,0,0,0,1599,0,0,0,0,0,0
2103,1325,1079,0,0,0,1724,0,0,0,0,0,0
2104,1361,1159,0,0,0,1764,0,0,0,0,0,0
2105,1279,1038,0,0,0,1779,0,0,0,0,0,0
2106,1539,1286,0,0,0,1986,0,0,0,0,0,0
2107,1673,1384,0,0,0,2166,0,0,0,0,0,0
2108,1240,1061,0,0,0,1731,0,0,0,0,0,0
2109,1430,1204,0,0,0,1827,0,0,0,0,0,0
2110,1030,834,0,0,0,1175,0,0,0,0,0,0
2111,1891,1612,0,0,0,2545,0,0,0,0,0,0
2112,0,0,0,0,0,0,0,590,0,0,677,0
2113,0,0,0,0,0,0,0,782,0,0,899,0
2114,0,0,0,0,0,0,0,492,0,0,557,0
2115,0,0,0,0,0,0,0,533,0,0,696,0
2116,0,0,0,0,0,0,0,601,0,0,669,0
2117,0,0,0,0,0,0,0,561,0,0,651,0
2118,0,0,0,0,0,0,0,629,0,0,715,0
2119,0,0,0,0,0,0,0,706,0,0,776,0
2120,0,0,0,0,0,0,0,562,0,0,609,0
2121,0,0,0,0,0,0,0,634,0,0,695,0
2122,0,0,0,0,0,0,0,412,0,0,513,0
2123,0,0,0,0,0,0,0,836,0,0,942,0
2124,0,0,0,0,0,0,0,0,593,110,677,0
2125,0,0,0,0,0,0,0,0,792,143,899,0
2126,0,0,0,0,0,0,0,0,470,83,557,0
2127,0,0,0,0,0,0,0,0,583,101,696,0
2128,0,0,0,0,0,0,0,0,565,92,669,0
2129,0,0,0,0,0,0,0,0,565,81,651,0
2130,0,0,0,0,0,0,0,0,669,107,715,0
2131,0,0,0,0,0,0,0,0,701,113,776,0
2132,0,0,0,0,0,0,0,0,556,83,609,0
2133,0,0,0,0,0,0,0,0,620,103,695,0
2134,0,0,0,0,0,0,0,0,442,81,513,0
2135,0,0,0,0,0,0,0,0,846,141,942,0
2136,0,0,0,0,0,0,0,590,0,0,677,0
2137,0,0,0,0,0,0,0,782,0,0,899,0
2138,0,0,0,0,0,0,0,492,0,0,557,0
2139,0,0,0,0,0,0,0,533,0,0,696,0
2140,0,0,0,0,0,0,0,601,0,0,669,0
2141,0,0,0,0,0,0,0,561,0,0,651,0
2142,0,0,0,0,0,0,0,629,0,0,715,0
2143,0,0,0,0,0,0,0,706,0,0,776,0
2144,0,0,0,0,0,0,0,562,0,0,609,0
2145,0,0,0,0,0,0,0,634,0,0,695,0
2146,0,0,0,0,0,0,0,412,0,0,513,0
2147,0,0,0,0,0,0,0,836,0,0,942,0
2148,0,0,0,0,0,1960,0,0,593,0,0,0
2149,0,0,0,0,0,2704,0,0,792,0,0,0
2150,0,0,0,0,0,1599,0,0,470,0,0,0
2151,0,0,0,0,0,1724,0,0,583,0,0,0
2152,0,0,0,0,0,1764,0,0,565,0,0,0
2153,0,0,0,0,0,1779,0,0,565,0,0,0
2154,0,0,0,0,0,1986,0,0,669,0,0,0
2155,0,0,0,0,0,2166,0,0,701,0,0,0
2156,0,0,0,0,0,1731,0,0,556,0,0,0
2157,0,0,0,0,0,1827,0,0,620,0,0,0
2158,0,0,0,0,0,1175,0,0,442,0,0,0
2159,0,0,0,0,0,2545,0,0,846,0,0,0
2160,1407,1160,0,0,0,0,0,0,0,0,0,0
2161,1996,1660,0,0,0,0,0,0,0,0,0,0
2162,1176,992,0,0,0,0,0,0,0,0,0,0
2163,1325,1079,0,0,0,0,0,0,0,0,0,0
2164,1361,1159,0,0,0,0,0,0,0,0,0,0
2165,1279,1038,0,0,0,0,0,0,0,0,0,0
2166,1539,1286,0,0,0,0,0,0,0,0,0,0
2167,1673,1384,0,0,0,0,0,0,0,0,0,0
2168,1240,1061,0,0,0,0,0,0,0,0,0,0
2169,1430,1204,0,0,0,0,0,0,0,0,0,0
2170,1030,834,0,0,0,0,0,0,0,0,0,0
2171,1891,1612,0,0,0,0,0,0,0,0,0,0
2172,1407,0,0,0,0,1960,0,0,0,0,0,0
2173,1996,0,0,0,0,2704,0,0,0,0,0,0
2174,1176,0,0,0,0,1599,0,0,0,0,0,0
2175,1325,0,0,0,0,1724,0,0,0,0,0,0
2176,1361,0,0,0,0,1764,0,0,0,0,0,0
2177,1279,0,0,0,0,1779,0,0,0,0,0,0
2178,1539,0,0,0,0,1986,0,0,0,0,0,0
2179,1673,0,0,0,0,2166,0,0,0,0,0,0
2180,1240,0,0,0,0,1731,0,0,0,0,0,0
2181,1430,0,0,0,0,1827,0,0,0,0,0,0
2182,1030,0,0,0,0,1175,0,0,0,0,0,0
2183,1891,0,0,0,0,2545,0,0,0,0,0,0
2184,1407,1160,0,0,0,0,44,0,0,0,0,0
2185,1996,1660,0,0,0,0,56,0,0,0,0,0
2186,1176,992,0,0,0,0,38,0,0,0,0,0
2187,1325,1079,0,0,0,0,61,0,0,0,0,0
2188,1361,1159,0,0,0,0,50,0,0,0,0,0
2189,1279,1038,0,0,0,0,53,0,0,0,0,0
2190,1539,1286,0,0,0,0,60,0,0,0,0,0
2191,1673,1384,0,0,0,0,66,0,0,0,0,0
2192,1240,1061,0,0,0,0,60,0,0,0,0,0
2193,1430,1204,0,0,0,0,61,0,0,0,0,0
2194,1030,834,0,0,0,0,49,0,0,0,0,0
2195,1891,1612,0,0,0,0,88,0,0,0,0,0
2196,1407,0,0,0,0,0,0,590,0,0,0,0
2197,1996,0,0,0,0,0,0,782,0,0,0,0
2198,1176,0,0,0,0,0,0,492,0,0,0,0
2199,1325,0,0,0,0,0,0,533,0,0,0,0
2200,1361,0,0,0,0,0,0,601,0,0,0,0
2201,1279,0,0,0,0,0,0,561,0,0,0,0
2202,1539,0,0,0,0,0,0,629,0,0,0,0
2203,1673,0,0,0,0,0,0,706,0,0,0,0
2204,1240,0,0,0,0,0,0,562,0,0,0,0
2205,1430,0,0,0,0,0,0,634,0,0,0,0
2206,1030,0,0,0,0,0,0,412,0,0,0,0
2207,1891,0,0,0,0,0,0,836,0,0,0,0
2208,1407,0,0,0,0,1960,0,0,593,0,0,0
2209,1996,0,0,0,0,2704,0,0,792,0,0,0
2210,1176,0,0,0,0,1599,0,0,470,0,0,0
2211,1325,0,0,0,0,1724,0,0,583,0,0,0
2212,1361,0,0,0,0,1764,0,0,565,0,0,0
2213,1279,0,0,0,0,1779,0,0,565,0,0,0
2214,1539,0,0,0,0,1986,0,0,669,0,0,0
2215,1673,0,0,0,0,2166,0,0,701,0,0,0
2216,1240,0,0,0,0,1731,0,0,556,0,0,0
2217,1430,0,0,0,0,1827,0,0,620,0,0,0
2218,1030,0,0,0,0,1175,0,0,442,0,0,0
2219,1891,0,0,0,0,2545,0,0,846,0,0,0
